id,created_at,updated_at,message_uuid,payment_type,item_amount,item_uuid,org_id,item_quantity,item_description
93a55308-1ac9-4c7a-b76c-cfb8b4c38b1d,2022-04-11 17:44:49.661333+00,2022-04-11 17:44:49.661333+00,c2679eb5-e8fa-4bc0-b6ae-e544daf122fb,Income,450000,93732d2a-155c-45dd-8928-984fb659e04b,cf259b80-6233-4904-a1ef-888ee8b975dc,1,
50200fd0-7e7e-4270-9232-ed7bd46bdf66,2022-04-11 17:44:49.668999+00,2022-04-11 17:44:49.668999+00,c2679eb5-e8fa-4bc0-b6ae-e544daf122fb,Income,30000,8ec47ca8-4b3b-47ce-b1d7-da17c37d8ea6,cf259b80-6233-4904-a1ef-888ee8b975dc,1,
fa04de12-0356-4831-8578-2fceb1fc7a2b,2022-04-11 17:47:03.583634+00,2022-04-11 17:47:03.583634+00,4456b94b-5452-4cfc-b8d4-0d5f41f0d607,Income,450000,93732d2a-155c-45dd-8928-984fb659e04b,cf259b80-6233-4904-a1ef-888ee8b975dc,1,
f2b2c337-9912-4245-89aa-cfeec22b5d9d,2022-04-11 17:47:03.59239+00,2022-04-11 17:47:03.59239+00,4456b94b-5452-4cfc-b8d4-0d5f41f0d607,Income,30000,8ec47ca8-4b3b-47ce-b1d7-da17c37d8ea6,cf259b80-6233-4904-a1ef-888ee8b975dc,1,
0c999724-6f6f-4b1e-9b33-1de16376da41,2022-04-11 17:51:04.105524+00,2022-04-11 17:51:04.105524+00,6eb13270-edeb-48c8-8909-3b92830017eb,Expense,0,524b2404-8ee6-4c54-92a8-c8f0f489d581,cf259b80-6233-4904-a1ef-888ee8b975dc,1,
482cbc2d-14a4-4eb9-9331-701d7bfdc9da,2022-04-11 17:51:04.111444+00,2022-04-11 17:51:04.111444+00,6eb13270-edeb-48c8-8909-3b92830017eb,Expense,0,4fd83fdb-5ba2-46e7-90d4-61dfc48ac2fa,cf259b80-6233-4904-a1ef-888ee8b975dc,1,
bc48767d-afb9-4a83-a3a6-953510b2374f,2022-04-11 17:51:04.118841+00,2022-04-11 17:51:04.118841+00,6eb13270-edeb-48c8-8909-3b92830017eb,Expense,0,79982973-1909-447e-87d4-8cdf4fa06468,cf259b80-6233-4904-a1ef-888ee8b975dc,1,
7a5a5307-3c16-40cd-822c-812d36da429f,2022-04-12 07:47:21.994645+00,2022-04-12 07:47:21.994645+00,43b6acaa-09dd-47ea-a997-8298d2345103,Expense,10,1c418919-4c5d-4e07-a21e-0651fdabb2a5,da5a5ffb-c479-4d34-8104-affed9b56620,1,
779a50f0-a093-4fa7-a222-2a60e0d02d85,2022-04-12 08:55:15.06429+00,2022-04-12 08:55:15.06429+00,87cf2e43-40fe-4e6a-b297-8bf54ab3b1f9,Income,20,a6fcf261-dddc-42b4-bbb4-789e9a027c34,c607eee6-3582-4b7c-9cbd-0bf3789fdea4,1,
c268f9d4-6bd5-4875-9b6d-1b9751b459b5,2022-04-12 09:12:50.809747+00,2022-04-12 09:12:50.809747+00,26ce4787-1f4a-4e28-88fd-1e16fff480c5,Income,5,8cb3ce6c-52d9-4800-89c4-fc7c4518102d,c607eee6-3582-4b7c-9cbd-0bf3789fdea4,1,
c715cd7a-4a2b-42d4-8814-0e31baad3e6f,2022-04-13 12:08:10.036485+00,2022-04-13 12:08:10.036485+00,754f638f-acfb-4ded-8737-088c465c2379,Expense,410,649f3b7c-db30-4b90-9309-d9dcdf80f0f6,0381d614-e844-464e-a029-ceb3d0e11287,1,
9ecbbb50-9ffe-48c6-a920-5a62cb0469e4,2022-04-18 15:15:18.483846+00,2022-04-18 15:15:18.483846+00,f8829e02-fc30-5950-a594-4d598d0a719c,Expense,100,6bd6a2e7-7161-45fc-bedc-3099fd836489,0381d614-e844-464e-a029-ceb3d0e11287,1,
b2c1ec56-413e-425f-8f2f-ede7bb06a23d,2022-04-18 15:25:31.924051+00,2022-04-18 15:25:31.924051+00,61902af4-3d00-5811-b404-aae050b4c074,Income,45,fe97ae79-dd4f-40dc-80eb-a058b8bd363d,0381d614-e844-464e-a029-ceb3d0e11287,1,
a1499ad4-ea8c-479b-96a1-805c0a46371c,2022-04-18 15:27:42.123454+00,2022-04-18 15:27:42.123454+00,a3ebab30-d519-5e72-8820-dd28ad15df9c,Income,300,fe97ae79-dd4f-40dc-80eb-a058b8bd363d,0381d614-e844-464e-a029-ceb3d0e11287,1,
5b0bc64b-ef33-455e-8713-dfef813dd9ac,2022-04-18 15:57:59.803568+00,2022-04-18 15:57:59.803568+00,573e9d4b-3f25-5b9a-a34d-6c224af1b8d1,Income,5,a6fcf261-dddc-42b4-bbb4-789e9a027c34,c607eee6-3582-4b7c-9cbd-0bf3789fdea4,1,
fec65e58-9a7f-4e9a-bf11-3093efc6a093,2022-04-18 15:57:59.810617+00,2022-04-18 15:57:59.810617+00,573e9d4b-3f25-5b9a-a34d-6c224af1b8d1,Income,5,8cb3ce6c-52d9-4800-89c4-fc7c4518102d,c607eee6-3582-4b7c-9cbd-0bf3789fdea4,1,
54627b4e-69a9-4aea-9d47-bd9bf1d2a679,2022-04-18 17:36:20.322157+00,2022-04-18 17:36:20.322157+00,377b2ccd-c821-53eb-b769-b12a128a92d3,Income,450000,93732d2a-155c-45dd-8928-984fb659e04b,cf259b80-6233-4904-a1ef-888ee8b975dc,1,
780a88a6-4981-4262-8d78-7785590064e6,2022-04-18 17:36:20.327973+00,2022-04-18 17:36:20.327973+00,377b2ccd-c821-53eb-b769-b12a128a92d3,Income,30000,8ec47ca8-4b3b-47ce-b1d7-da17c37d8ea6,cf259b80-6233-4904-a1ef-888ee8b975dc,1,
dadc5134-41e1-479d-8939-92d987d12620,2022-04-19 04:44:25.800649+00,2022-04-19 04:44:25.800649+00,9d272332-43d8-4305-8012-0c11ad29272b,Expense,260,51b2b223-b716-46d5-bd49-20cafc9b3edb,9a22b658-87e9-4118-b0ae-05f6bb6d18a4,1,
54dfe21a-e8fa-441b-a092-4206a454aed8,2022-04-19 07:37:50.023444+00,2022-04-19 07:37:50.023444+00,573e9d4b-3f25-5b9a-a34d-6c224af1b8d1,Income,5,a6fcf261-dddc-42b4-bbb4-789e9a027c34,c607eee6-3582-4b7c-9cbd-0bf3789fdea4,4,
66d818aa-5c43-43c3-8cff-c557e7ddcbeb,2022-04-19 07:37:50.034067+00,2022-04-19 07:37:50.034067+00,573e9d4b-3f25-5b9a-a34d-6c224af1b8d1,Income,5,8cb3ce6c-52d9-4800-89c4-fc7c4518102d,c607eee6-3582-4b7c-9cbd-0bf3789fdea4,4,
4e500649-81ad-4fbd-8617-faba38c27896,2022-04-19 07:59:16.387292+00,2022-04-19 07:59:16.387292+00,7f0fb5b2-66a4-53b0-9b77-34014e3d3a00,Income,450000,93732d2a-155c-45dd-8928-984fb659e04b,cf259b80-6233-4904-a1ef-888ee8b975dc,1,
f40ab71e-9de9-4d09-858d-63574bab9062,2022-04-19 07:59:16.393473+00,2022-04-19 07:59:16.393473+00,7f0fb5b2-66a4-53b0-9b77-34014e3d3a00,Income,30000,8ec47ca8-4b3b-47ce-b1d7-da17c37d8ea6,cf259b80-6233-4904-a1ef-888ee8b975dc,1,
316f23ca-2d77-4821-9ab7-db92d879750e,2022-04-19 09:31:38.225035+00,2022-04-19 09:31:38.225035+00,179b5d52-3cd5-578d-871a-ce02c9396c04,Expense,7000,c45abce9-0d5a-42a4-b4ec-e79206dfcc62,c607eee6-3582-4b7c-9cbd-0bf3789fdea4,1,
b5d6f16e-97b0-4c5f-abf4-7eb6a000b474,2022-04-19 09:34:39.74845+00,2022-04-19 09:34:39.74845+00,578ab056-a4ad-5102-a50a-674bc5ca1a8b,Income,1,fc49fedc-3c9a-4d93-9a31-fa8b2ffa8052,c607eee6-3582-4b7c-9cbd-0bf3789fdea4,3,
7c4742e8-6cca-4b3a-b409-5fb384a8b2f4,2022-04-19 09:34:39.755725+00,2022-04-19 09:34:39.755725+00,578ab056-a4ad-5102-a50a-674bc5ca1a8b,Income,5,8cb3ce6c-52d9-4800-89c4-fc7c4518102d,c607eee6-3582-4b7c-9cbd-0bf3789fdea4,3,
1ef60563-01c5-40ee-9f3a-bcd4f220c176,2022-04-19 13:45:13.454702+00,2022-04-19 13:45:13.454702+00,8ff474b0-6498-53ba-97e5-0018edd1fbc0,Income,450000,93732d2a-155c-45dd-8928-984fb659e04b,cf259b80-6233-4904-a1ef-888ee8b975dc,1,
e6463a23-ea11-4d0f-a526-38eb89289170,2022-04-21 12:24:37.117372+00,2022-04-21 12:24:37.117372+00,9982ada2-e247-5d41-911c-2b43d73b43c4,Income,2700,94f40573-6aa8-4658-9225-06a8f64ddd7c,80bc5388-5d3a-4452-81a8-5e95c9b2db3e,1,
ca510ff7-bb76-44ee-9625-1a4687f8b6fe,2022-04-22 08:50:10.27455+00,2022-04-22 08:50:10.27455+00,172cae3b-d5e8-58ba-95c8-48418c72ee3a,Income,1000,e20cf0c2-385f-4977-b853-f91eeffbeb51,a68cee9c-69de-4e4f-ac7b-2d8b31c204f1,1,
3930174e-7c9b-4e9f-a971-cffd5a9fe603,2022-04-22 11:19:48.428703+00,2022-04-22 11:19:48.428703+00,523809e0-f92f-5acf-8079-213474952211,Expense,65,d2da718d-1841-4ed0-8b75-05441842395d,8ae66de7-56f8-4a03-b00f-ce98b83a1d01,1,
19204047-fcb2-4c89-a9b0-57dfb29ff663,2022-04-22 11:21:15.917332+00,2022-04-22 11:21:15.917332+00,a4b78276-418f-507f-ac30-3ea71c812152,Income,1400,a9c724b8-dc2d-4375-87c8-fe9c614f365d,8ae66de7-56f8-4a03-b00f-ce98b83a1d01,1,
4077a06c-4f90-4383-bdb1-5f2f401f3654,2022-04-22 12:31:21.390762+00,2022-04-22 12:31:21.390762+00,b270131b-8aac-5694-ab60-955534d566d5,Income,700,8a8478bc-9134-47d0-ae3e-9656a92d8b31,a68cee9c-69de-4e4f-ac7b-2d8b31c204f1,1,
6db9041b-961d-411b-8000-69e954297b7d,2022-04-22 14:25:49.499179+00,2022-04-22 14:25:49.499179+00,d01ca5d3-da0d-51e2-9002-8a7d507efa20,Income,3000,0ad76290-221e-49d8-b11b-f93123ee7cc5,a68cee9c-69de-4e4f-ac7b-2d8b31c204f1,1,
8a8111e0-bbde-4587-84b9-afcd779a6691,2022-04-22 15:46:41.319536+00,2022-04-22 15:46:41.319536+00,a14435a7-df52-5a51-81cf-8c899233f32e,Expense,1600,e1601f86-d79c-4c86-85ee-d38861aedb2a,55590d9e-9fe2-4e65-a091-045e953c3c2b,4,
926e399a-ce1b-4069-aa25-886b358e835b,2022-04-22 15:47:38.111402+00,2022-04-22 15:47:38.111402+00,2d00679f-df57-5a01-a06b-af514cc7209e,Expense,836,e1601f86-d79c-4c86-85ee-d38861aedb2a,55590d9e-9fe2-4e65-a091-045e953c3c2b,1,
8c68ba16-8755-499c-91e5-abbbb4d8af98,2022-04-22 16:06:37.499041+00,2022-04-22 16:06:37.499041+00,2765cddc-ce9e-5571-913d-4cf2fc29744c,Expense,3350,a9e2806a-2916-41ce-9683-9f764c620594,55590d9e-9fe2-4e65-a091-045e953c3c2b,1,
77294977-6879-4e71-8ca4-928d395da88c,2022-04-22 18:07:12.133898+00,2022-04-22 18:07:12.133898+00,cdd034cc-bcb5-527f-b928-b1f84e48245c,Expense,220,e8a87039-9f63-4e81-b500-ea54cda7ce21,a68cee9c-69de-4e4f-ac7b-2d8b31c204f1,1,
0e66a299-4a4e-4681-837b-0665ff6022dc,2022-04-23 03:17:32.342069+00,2022-04-23 03:17:32.342069+00,cc7e33b1-4456-50ff-a31e-b0792cb642a0,Expense,20,1c07aad1-61a5-44ec-a79f-87a98db1a8a8,a68cee9c-69de-4e4f-ac7b-2d8b31c204f1,1,
3dd78ff4-875d-4345-9624-780efe056841,2022-04-23 05:08:03.014926+00,2022-04-23 05:08:03.014926+00,f2e8531d-004f-59c6-a5ab-12dd21db6ba2,Expense,1028,f035a403-1120-417f-ba5a-7740a79359d5,a68cee9c-69de-4e4f-ac7b-2d8b31c204f1,1,
6da2dfa2-5ecd-492f-b456-370466a23d7e,2022-04-23 06:20:13.183392+00,2022-04-23 06:20:13.183392+00,d6642834-efe5-5dbc-8b0e-826af62b4938,Expense,0,17f5640b-a0cf-4b9a-9ed5-676df5d9b186,a68cee9c-69de-4e4f-ac7b-2d8b31c204f1,1,
3ae856fd-d547-4042-97f4-7ecaf47cae24,2022-04-23 06:20:13.189785+00,2022-04-23 06:20:13.189785+00,d6642834-efe5-5dbc-8b0e-826af62b4938,Expense,257,17f5640b-a0cf-4b9a-9ed5-676df5d9b186,a68cee9c-69de-4e4f-ac7b-2d8b31c204f1,1,
6e9aa8a9-62a2-4885-9456-ff5d24376830,2022-04-23 06:21:05.315315+00,2022-04-23 06:21:05.315315+00,1bcdcf75-0429-568f-8fca-655c36777990,Expense,1000,b47b13ab-4830-4d9f-bd74-4a957c353972,a68cee9c-69de-4e4f-ac7b-2d8b31c204f1,1,
34eaed17-be2f-47bf-8dbe-5b3d54cc24fd,2022-04-23 10:55:59.233365+00,2022-04-23 10:55:59.233365+00,4e5ee7e1-78af-58c9-a99a-88a461b71628,Income,400,8b0e470d-ce6b-456f-bdb8-77f8767d8735,a68cee9c-69de-4e4f-ac7b-2d8b31c204f1,1,
fc765e75-1327-401c-b127-9e8bf5f61526,2022-04-23 16:16:46.61121+00,2022-04-23 16:16:46.61121+00,0f56f98c-0794-5b68-9997-0598a4d63118,Expense,1000,f035a403-1120-417f-ba5a-7740a79359d5,a68cee9c-69de-4e4f-ac7b-2d8b31c204f1,1,
9123c05d-e0d4-4aae-96f7-76e4d5b2005f,2022-04-24 05:15:41.519887+00,2022-04-24 05:15:41.519887+00,06a2759c-cab4-50f3-8767-1906944c1be6,Expense,0,1c07aad1-61a5-44ec-a79f-87a98db1a8a8,a68cee9c-69de-4e4f-ac7b-2d8b31c204f1,1,
e829a185-8a01-4ab5-8ca3-b0f720349f23,2022-04-24 05:15:41.526207+00,2022-04-24 05:15:41.526207+00,06a2759c-cab4-50f3-8767-1906944c1be6,Expense,20,1c07aad1-61a5-44ec-a79f-87a98db1a8a8,a68cee9c-69de-4e4f-ac7b-2d8b31c204f1,1,
249760bf-4e85-4d0e-a559-3ff45d9272ec,2022-04-24 11:49:49.587615+00,2022-04-24 11:49:49.587615+00,59d405d4-2062-52fc-8301-26c92c9ea13b,Income,800,fac3afc3-f3c9-4622-90df-2ba8d78f2708,9a22b658-87e9-4118-b0ae-05f6bb6d18a4,1,
c037550b-f633-4fd5-93f8-873cce0db9c2,2022-04-25 07:39:31.89982+00,2022-04-25 07:39:31.89982+00,de08fb96-3f79-5b1c-b6a9-1669135f584b,Expense,200,e56db532-9e5e-4044-9370-cde84ed04f32,a68cee9c-69de-4e4f-ac7b-2d8b31c204f1,1,
af2d3a7f-8f93-49c5-9a28-abd768e04046,2022-04-25 12:43:00.64208+00,2022-04-25 12:43:00.64208+00,8b461b06-d451-5515-bebb-12678928b117,Expense,225,1c07aad1-61a5-44ec-a79f-87a98db1a8a8,a68cee9c-69de-4e4f-ac7b-2d8b31c204f1,1,
a61558d8-86eb-4217-aac4-bfa8b8cf31a2,2022-04-25 12:47:28.317995+00,2022-04-25 12:47:28.317995+00,c7c59e47-a800-55bf-a56a-72e0be51e2d8,Income,16000,f51c53bb-16a8-4ac1-a4fb-ef85535eb095,a68cee9c-69de-4e4f-ac7b-2d8b31c204f1,1,
21227206-0f9b-4f6d-b30d-cf4b3f2af65b,2022-04-25 12:51:16.997196+00,2022-04-25 12:51:16.997196+00,83f5b129-7d45-566e-927b-5de241943b0b,Income,2000,d6cb1f70-1dc6-479a-b542-52fba1f0880a,a68cee9c-69de-4e4f-ac7b-2d8b31c204f1,1,
33d59a05-652d-4efb-8231-ee6314aa9817,2022-04-25 14:43:09.08298+00,2022-04-25 14:43:09.08298+00,2be3f700-6626-5915-bd13-e8e3a1b5f4ee,Income,800,fac3afc3-f3c9-4622-90df-2ba8d78f2708,9a22b658-87e9-4118-b0ae-05f6bb6d18a4,1,
30c68389-c686-4c92-9299-e6403d34d9b2,2022-04-26 02:29:23.171628+00,2022-04-26 02:29:23.171628+00,8442c995-daf7-510d-8a42-254e4158b8bb,Expense,20,1c07aad1-61a5-44ec-a79f-87a98db1a8a8,a68cee9c-69de-4e4f-ac7b-2d8b31c204f1,1,
8bffac11-cc17-4688-aa08-20c9f39be3e4,2022-04-26 10:26:27.363203+00,2022-04-26 10:26:27.363203+00,457ebc6d-ced1-5373-9a7e-f2d061b23a4a,Expense,0,ce41c0d2-c875-4a9e-9d5c-d3899e532423,80bc5388-5d3a-4452-81a8-5e95c9b2db3e,1,
7e869a60-cd24-44cf-8444-8145179dc539,2022-04-26 10:26:27.369488+00,2022-04-26 10:26:27.369488+00,457ebc6d-ced1-5373-9a7e-f2d061b23a4a,Expense,0,ce41c0d2-c875-4a9e-9d5c-d3899e532423,80bc5388-5d3a-4452-81a8-5e95c9b2db3e,4,
dc0e784f-1e23-4723-b409-0ed821f11e5a,2022-04-26 10:34:05.89433+00,2022-04-26 10:34:05.89433+00,fc0ec674-5663-591a-ab94-cf3944bab44e,Income,2000,8fe41a3e-9daa-47c9-a879-645802df3fde,a68cee9c-69de-4e4f-ac7b-2d8b31c204f1,1,
3c72790d-972c-4c5a-93a5-d56d486dc8f9,2022-04-26 12:03:25.79718+00,2022-04-26 12:03:25.79718+00,0149f5ea-f5cd-53b7-9b3f-bcfdb67981b0,Expense,0,53af3b77-4116-4cd0-84b7-f66c136f4c4d,70839609-322b-4a48-85db-b703d201242d,1,
fa58cb77-ada2-4a1d-bcd4-55102b0d0d2b,2022-04-26 12:04:28.502118+00,2022-04-26 12:04:28.502118+00,e4a68f22-bfa5-5d4f-b58f-096e4168dd50,Expense,20,53af3b77-4116-4cd0-84b7-f66c136f4c4d,70839609-322b-4a48-85db-b703d201242d,1,
b559db81-49e1-4470-b817-e234b4a648e8,2022-04-26 12:05:38.274983+00,2022-04-26 12:05:38.274983+00,c40d0e56-c3eb-52b7-a955-0e3557a57222,Expense,50,77be02bd-9765-45f9-a76e-5f5c2371db45,70839609-322b-4a48-85db-b703d201242d,1,
8d0fcc66-0ae8-435b-8888-e8b5042d56ee,2022-04-27 15:37:49.929819+00,2022-04-27 15:37:49.929819+00,25bab1a1-98c2-5a98-9aa5-5309595a624f,Expense,300,32e0fc68-321a-44b9-b861-a1a4bd5bfaf8,147fa998-f54b-4cc6-81fb-771a4a793916,1,
781a6507-3708-494d-a3ae-7f6679444c81,2022-04-28 03:58:00.385666+00,2022-04-28 03:58:00.385666+00,b31a8ffe-1e3e-5d9f-8b01-4c68d2b0fb29,Expense,70,1c07aad1-61a5-44ec-a79f-87a98db1a8a8,a68cee9c-69de-4e4f-ac7b-2d8b31c204f1,1,
fd21b990-9d9a-4306-a71a-932572bc9995,2022-04-28 04:00:20.02825+00,2022-04-28 04:00:20.02825+00,210871ce-e0b2-5e11-b0b2-7011d59d9cb2,Income,2000,ddbbe37d-30bb-4958-8cd9-e10833a15e89,a68cee9c-69de-4e4f-ac7b-2d8b31c204f1,1,
37dc0b8f-ccaa-40a0-bc81-54a9dd2ea56b,2022-04-28 04:01:33.578159+00,2022-04-28 04:01:33.578159+00,c5a28f8c-126f-5d6f-b722-547c60d7637e,Income,600,d950bd42-3b07-46ff-9e89-db8d72864cfd,a68cee9c-69de-4e4f-ac7b-2d8b31c204f1,1,
cc3914e8-3ee0-4fc7-8555-730330dde9e5,2022-04-28 04:02:31.812984+00,2022-04-28 04:02:31.812984+00,b14018d8-bb76-54b2-8ddf-ce90e6440c0a,Expense,20,1c07aad1-61a5-44ec-a79f-87a98db1a8a8,a68cee9c-69de-4e4f-ac7b-2d8b31c204f1,1,
e99293fa-e0fd-4d1e-84f7-10f40b193fcb,2022-04-28 04:05:19.615803+00,2022-04-28 04:05:19.615803+00,0b256c8e-e9e6-5c62-b54b-173e820918ed,Expense,20,1c07aad1-61a5-44ec-a79f-87a98db1a8a8,a68cee9c-69de-4e4f-ac7b-2d8b31c204f1,1,
b9f684ca-9918-46bb-9c7c-73d0a990a48a,2022-04-28 16:54:07.123216+00,2022-04-28 16:54:07.123216+00,b8c1e5c4-14f4-5403-b385-0e556c4a7bd6,Expense,20,1c07aad1-61a5-44ec-a79f-87a98db1a8a8,a68cee9c-69de-4e4f-ac7b-2d8b31c204f1,1,
56e30b0e-c72d-4009-b3d4-895886894d45,2022-04-28 16:58:21.862263+00,2022-04-28 16:58:21.862263+00,34acf28b-72db-58bd-9c75-79b36b2c454f,Income,1900,6f44e620-ec74-4da4-8d1c-e1ceb51a435a,a68cee9c-69de-4e4f-ac7b-2d8b31c204f1,1,
542bd38a-a9d9-4451-92b9-56a8ca53d7c5,2022-04-28 16:59:04.439235+00,2022-04-28 16:59:04.439235+00,2794935d-70bf-5b16-8733-4abad3f3b7e9,Income,1750,6edf3e7a-4a5b-4d9e-ab2b-46013fa7c61c,a68cee9c-69de-4e4f-ac7b-2d8b31c204f1,1,
b1417d92-af61-4c36-b608-8be7b27f6c54,2022-05-04 07:56:44.923023+00,2022-05-04 07:56:44.923023+00,3e610f43-7225-578a-a21a-c93c304864d1,Income,10000,5cc98b76-1fb5-4fab-af04-805b185613b7,dd4b9e53-5827-451c-81f1-e1821f33a49d,1,
0798cd30-fe92-41bd-834c-8d2caef0e824,2022-05-04 07:57:17.267919+00,2022-05-04 07:57:17.267919+00,838c7bce-906f-5139-a9db-a4afd412d297,Income,1000,5cc98b76-1fb5-4fab-af04-805b185613b7,dd4b9e53-5827-451c-81f1-e1821f33a49d,1,
39ee14de-3660-4653-aa04-64174b69cce0,2022-05-04 07:57:36.968278+00,2022-05-04 07:57:36.968278+00,01d5b674-109a-5206-8c0f-f4ccf35913c4,Income,7000,5cc98b76-1fb5-4fab-af04-805b185613b7,dd4b9e53-5827-451c-81f1-e1821f33a49d,1,
d0473c85-f287-4792-b19f-9eeec0293054,2022-05-04 07:57:56.05588+00,2022-05-04 07:57:56.05588+00,947e68c8-24cb-5daf-b7bc-2904e65e3d35,Income,9000,5cc98b76-1fb5-4fab-af04-805b185613b7,dd4b9e53-5827-451c-81f1-e1821f33a49d,1,
083ecbb1-5b13-4058-9f2c-d5e37e138e63,2022-05-06 04:32:05.903475+00,2022-05-06 04:32:05.903475+00,3e3768cb-24c2-50c6-bb67-0395ffe9c167,Expense,20,1c07aad1-61a5-44ec-a79f-87a98db1a8a8,a68cee9c-69de-4e4f-ac7b-2d8b31c204f1,1,
d407017b-69ed-41c0-91eb-51f3a6c9a3ec,2022-05-06 04:32:27.736357+00,2022-05-06 04:32:27.736357+00,cb2a12af-f17f-5ee7-a4bf-3a2a1cfeacb7,Expense,20,1c07aad1-61a5-44ec-a79f-87a98db1a8a8,a68cee9c-69de-4e4f-ac7b-2d8b31c204f1,1,
98b00972-fbd7-4326-ae08-f36dc555cfc1,2022-06-09 17:29:34.780667+00,2022-06-09 17:29:34.780667+00,5ca700d8-6255-5d8f-bf58-4332efd303ab,Expense,6,6bd6a2e7-7161-45fc-bedc-3099fd836489,0381d614-e844-464e-a029-ceb3d0e11287,5,
56b781c6-49bf-463a-a405-15d34a86f9d8,2022-06-09 17:30:31.587687+00,2022-06-09 17:30:31.587687+00,97446916-6c6a-5d85-aa88-f06a0f4de26e,Income,50,e28ed45c-d58d-4c5e-8c7c-c19b909eb1b6,0381d614-e844-464e-a029-ceb3d0e11287,4,
485dfcea-d50d-4854-921b-6d58bcad1a9e,2022-06-10 03:50:51.197491+00,2022-06-10 03:50:51.197491+00,3fad639d-bb3a-5c2b-b338-5ca3282cede3,Income,1500,fac3afc3-f3c9-4622-90df-2ba8d78f2708,9a22b658-87e9-4118-b0ae-05f6bb6d18a4,1,
655b850e-f70b-4681-a337-86db3de5a655,2022-06-10 03:50:51.204173+00,2022-06-10 03:50:51.204173+00,3fad639d-bb3a-5c2b-b338-5ca3282cede3,Income,100,4d24e49a-94df-45eb-9b13-f3e0b9f8fc84,9a22b658-87e9-4118-b0ae-05f6bb6d18a4,1,
5f07e2bd-3a5d-4194-9201-3437cc5e42c4,2022-06-10 03:56:32.322428+00,2022-06-10 03:56:32.322428+00,c9bb2e63-5ca0-5578-a141-b500d518a0ff,Expense,150,71d0c0fc-7557-493c-979f-3485e90ee30f,9a22b658-87e9-4118-b0ae-05f6bb6d18a4,1,
d822cb7c-592a-47e9-ae84-01a1a2c567a4,2022-06-10 03:58:04.394774+00,2022-06-10 03:58:04.394774+00,227df5fc-0a51-574d-a2a1-d56a8ba0a9be,Expense,173,ab9b9b13-c103-46ea-8219-f201a97946c6,9a22b658-87e9-4118-b0ae-05f6bb6d18a4,1,
300315ba-3a15-4aee-9e83-0952c6b1d6b9,2022-06-10 03:58:46.565309+00,2022-06-10 03:58:46.565309+00,69c09153-7e31-5d00-9d4c-3e984d696b7a,Expense,200,ab9b9b13-c103-46ea-8219-f201a97946c6,9a22b658-87e9-4118-b0ae-05f6bb6d18a4,1,
10cac523-1b08-43db-98df-a075f1bfa04b,2022-06-10 03:59:51.565172+00,2022-06-10 03:59:51.565172+00,67877d9c-1b03-5117-9a70-d52307c5af41,Income,500,fac3afc3-f3c9-4622-90df-2ba8d78f2708,9a22b658-87e9-4118-b0ae-05f6bb6d18a4,1,
fa79e73e-f2ef-4939-bcec-d743ba50b5e7,2022-06-10 04:01:14.34006+00,2022-06-10 04:01:14.34006+00,1838f069-fe1a-57c2-93e6-8eb5b45dfbdd,Expense,150,71d0c0fc-7557-493c-979f-3485e90ee30f,9a22b658-87e9-4118-b0ae-05f6bb6d18a4,1,
2cda8c03-56e7-4715-a1b8-537f09c7b361,2022-06-10 15:17:55.908897+00,2022-06-10 15:17:55.908897+00,382e5594-d14c-5729-afcf-ba3787d06e38,Income,3000,fac3afc3-f3c9-4622-90df-2ba8d78f2708,9a22b658-87e9-4118-b0ae-05f6bb6d18a4,1,
67e8ada3-dbd7-41fb-b2a9-0393efa23b60,2022-06-10 15:26:33.638132+00,2022-06-10 15:26:33.638132+00,39bb9316-eab2-520b-9d15-a63c9048afd3,Expense,200,8c320210-1bff-4569-8355-d9dcaeeb7deb,9a22b658-87e9-4118-b0ae-05f6bb6d18a4,1,
f75e3491-bbd6-41d1-81cf-76275f576ad7,2022-06-10 15:26:53.984848+00,2022-06-10 15:26:53.984848+00,c3d0a80b-a2b3-57fd-befb-bad916c01df6,Income,800,4d24e49a-94df-45eb-9b13-f3e0b9f8fc84,9a22b658-87e9-4118-b0ae-05f6bb6d18a4,1,
d956f874-bc85-4901-bbcc-652c4349b0c0,2022-06-18 18:42:02.644169+00,2022-06-18 18:42:02.644169+00,b6c0d7c6-0d81-51ac-82b2-180721e4602f,Income,400,fac3afc3-f3c9-4622-90df-2ba8d78f2708,9a22b658-87e9-4118-b0ae-05f6bb6d18a4,1,
938fc134-f48d-4d46-a2dd-bd1efc4b0778,2022-06-19 12:03:56.684605+00,2022-06-19 12:03:56.684605+00,d1b28c05-64ea-5689-8a6c-339e639011bc,Income,800,fac3afc3-f3c9-4622-90df-2ba8d78f2708,9a22b658-87e9-4118-b0ae-05f6bb6d18a4,1,
05b9f225-0508-463a-9ab5-d01bee418188,2022-06-19 12:05:15.787608+00,2022-06-19 12:05:15.787608+00,02725cdc-c3c3-59fa-9988-aa356c8ff682,Income,700,4d24e49a-94df-45eb-9b13-f3e0b9f8fc84,9a22b658-87e9-4118-b0ae-05f6bb6d18a4,1,
0e70da9e-43c4-4978-a9e2-58655e18b245,2022-06-27 06:31:08.556166+00,2022-06-27 06:31:08.556166+00,574a9671-bf6d-5568-bf70-e96e2eb96109,Income,100,5f88bb52-5048-4b66-bbfb-612f5997886a,ba7c7670-67c6-46b7-8ba5-96d2ff206420,1,
af78588e-27ac-40d7-9f1b-2d9b784eb767,2022-06-27 06:40:02.790982+00,2022-06-27 06:40:02.790982+00,6206b458-74e1-5b50-b2c3-dbdbb52e555f,Income,100,5f88bb52-5048-4b66-bbfb-612f5997886a,ba7c7670-67c6-46b7-8ba5-96d2ff206420,2,
b51fad25-d554-4f72-a17b-3e5e7875d91c,2022-06-27 08:26:19.667297+00,2022-06-27 08:26:19.667297+00,6252e722-2309-5529-933e-9bcfff8cc36a,Income,10,65ebce3f-4ad3-482e-b2ff-1343252b32d5,ba7c7670-67c6-46b7-8ba5-96d2ff206420,2,
705f3d5f-8703-4fa7-91fe-de7a7c1c12f6,2022-06-27 08:39:35.935788+00,2022-06-27 08:39:35.935788+00,dd727d33-dedf-5f5a-a9ee-07bff1ed1075,Income,10,65ebce3f-4ad3-482e-b2ff-1343252b32d5,ba7c7670-67c6-46b7-8ba5-96d2ff206420,2,
5ada6443-6519-430a-8007-e38499f472bd,2022-06-27 08:39:35.942502+00,2022-06-27 08:39:35.942502+00,dd727d33-dedf-5f5a-a9ee-07bff1ed1075,Income,5,6ca49d18-a98a-4ac5-bb33-afa73185c6cd,ba7c7670-67c6-46b7-8ba5-96d2ff206420,1,
51015361-1466-4eea-9ce5-79ffc0e8a299,2022-06-27 08:40:19.112685+00,2022-06-27 08:40:19.112685+00,9d6f3edd-4880-5c54-85fe-c5e086ebb224,Income,180,b2ce2a89-6743-4940-89f7-0ad7f9190347,ba7c7670-67c6-46b7-8ba5-96d2ff206420,1,
58a4d76b-73ae-4da4-a1d0-4f4a027242df,2022-06-27 11:05:27.874888+00,2022-06-27 11:05:27.874888+00,c02fccc8-fbf5-5d35-9995-54512fa8aa71,Income,200,a47fda8b-4bfa-4576-a091-2c633b6b1450,ba7c7670-67c6-46b7-8ba5-96d2ff206420,1,
d45767df-feea-44a3-aa34-4eb3709dd6b8,2022-06-27 18:49:39.537886+00,2022-06-27 18:49:39.537886+00,9c25e63a-6d24-5eb5-b275-8e243dc1189b,Income,100,1b79c07d-5c0f-4133-b2ea-31ffcbcced0d,9195f046-5aac-4c09-86d5-91d52237d26b,4,
5c490687-6304-47a6-a0aa-f26d4436b888,2022-06-27 18:52:59.467022+00,2022-06-27 18:52:59.467022+00,4d975ad7-ca22-5529-bcf4-63a543bd6767,Income,500,c4277ab8-0a98-49ba-b7e8-8acfc19e9f10,9195f046-5aac-4c09-86d5-91d52237d26b,27,
8b7de3fb-1c07-4f2f-bf6c-6bc1d09f0b7c,2022-06-27 18:52:59.474135+00,2022-06-27 18:52:59.474135+00,4d975ad7-ca22-5529-bcf4-63a543bd6767,Income,100,1b79c07d-5c0f-4133-b2ea-31ffcbcced0d,9195f046-5aac-4c09-86d5-91d52237d26b,3,
ea818b8c-946f-4ecb-8eef-896f1ded1cfb,2022-06-28 02:20:29.039575+00,2022-06-28 02:20:29.039575+00,41cdbae0-0fee-5e2e-b32c-8555097177fd,Income,15000,f5102051-3027-4c41-807d-40c6a56c1040,32e18ded-f7bd-42e6-8670-f356dbf060ea,1,
edb5491b-c6e3-4188-a2cf-a1ab3185700a,2022-06-28 13:22:35.587167+00,2022-06-28 13:22:35.587167+00,198eb8c0-b945-5856-a7d7-259f06183157,Income,1000,26ff9208-0cc2-4b06-a15e-023ec83b7874,39dca1ef-4db4-4f8f-8bf1-37224be1daed,2,
cc604d61-1f10-471f-b754-4a201997dc8e,2022-06-28 13:27:13.932898+00,2022-06-28 13:27:13.932898+00,99783cf2-7832-5d6e-98c6-c296d63b226e,Expense,500,038b591f-eaea-45d8-a774-cd62c96d8c59,39dca1ef-4db4-4f8f-8bf1-37224be1daed,2,
9e2fec71-efd8-4c49-adfb-c78e0c93f776,2022-06-28 13:59:47.765935+00,2022-06-28 13:59:47.765935+00,2a6e44eb-ea52-5129-9b8e-c4a6fd4aedd6,Expense,500,12134159-eff7-4404-8819-e46fdbd64e42,39dca1ef-4db4-4f8f-8bf1-37224be1daed,1,
b8f616c2-0670-4fd4-9ad2-a02509c843f2,2022-06-29 08:42:29.739689+00,2022-06-29 08:42:29.739689+00,1bc11540-a170-5368-82e8-12ae877e4f5d,Income,100,b9ff614f-ac50-49ae-9e78-77eac4907fc5,ba7c7670-67c6-46b7-8ba5-96d2ff206420,1,
2c267904-29b7-49f0-86d6-c40c8a451332,2022-06-29 08:44:34.396402+00,2022-06-29 08:44:34.396402+00,ed618cd7-9eb6-59ac-8d75-41c1ffee0d14,Expense,2000,2470240a-d1f6-46d5-b85c-7f0ea863286a,ba7c7670-67c6-46b7-8ba5-96d2ff206420,1,
b1c98fb1-2b42-4fa7-9b53-97b5f03f5def,2022-06-29 09:35:33.170947+00,2022-06-29 09:35:33.170947+00,455039d3-a672-587f-849f-1a28391245d1,Expense,150,c357d3c3-4440-41c8-b9d3-6c7dc23f6e86,2b5776e1-e118-4c77-8b48-cd10d0924bc2,1,
49da13a4-14df-4a0a-af05-0d88511f319c,2022-06-29 10:24:52.77584+00,2022-06-29 10:24:52.77584+00,cfb40e93-115f-5e11-a51c-fd5d566d0ef8,Income,100,5f88bb52-5048-4b66-bbfb-612f5997886a,ba7c7670-67c6-46b7-8ba5-96d2ff206420,1,
21b2dea1-b38d-4245-b51a-4e2b219286e7,2022-06-29 10:27:24.623549+00,2022-06-29 10:27:24.623549+00,3ff39b6f-e371-5611-884e-39967a67360d,Expense,200,2470240a-d1f6-46d5-b85c-7f0ea863286a,ba7c7670-67c6-46b7-8ba5-96d2ff206420,1,
838472ff-3798-41cb-a796-319fea806eb5,2022-06-29 13:37:08.010555+00,2022-06-29 13:37:08.010555+00,4e57856a-d7f7-5465-911d-554c3321c15e,Income,400,c780586e-4478-41a7-bbbf-cc30843796a2,2b5776e1-e118-4c77-8b48-cd10d0924bc2,1,
3e0a9888-940a-4b99-9e9b-dcaf6f567312,2022-06-29 13:44:21.980433+00,2022-06-29 13:44:21.980433+00,00a71ca8-87ec-5bd8-b464-5dccb1d98cde,Expense,499,ebae03f6-6de3-40fe-a341-1f69ff2f9d00,2b5776e1-e118-4c77-8b48-cd10d0924bc2,1,
38ea5693-ff96-46fb-8873-1d972c0d84f9,2022-06-29 13:52:50.406549+00,2022-06-29 13:52:50.406549+00,4a4f91c5-95f9-54c3-a854-ea2dba5e0353,Expense,20,636d66ed-b9bd-4066-b868-ad9830867e1c,2b5776e1-e118-4c77-8b48-cd10d0924bc2,1,
d0606730-4f61-4cc4-9c8f-c7ca767ea5b7,2022-06-29 13:55:00.160696+00,2022-06-29 13:55:00.160696+00,d9c3a483-e6ae-5faa-b98f-a76af071727a,Income,1500,e649cb5f-f90b-4a0b-b3d1-d3230b2fb2ff,2b5776e1-e118-4c77-8b48-cd10d0924bc2,1,
48198803-8b5a-4dea-9c0f-129591c58125,2022-06-29 14:13:10.928169+00,2022-06-29 14:13:10.928169+00,a0976aae-e69b-5372-9556-a8ecd15ddcaa,Income,50,69411059-20d0-4ad0-abe0-32efb316a450,2b5776e1-e118-4c77-8b48-cd10d0924bc2,4,
59e217d0-b650-4654-9970-b5d1a1005b64,2022-06-29 14:23:34.349683+00,2022-06-29 14:23:34.349683+00,02a2eaf9-c258-5cbd-8847-7780d318ba14,Expense,250,c357d3c3-4440-41c8-b9d3-6c7dc23f6e86,2b5776e1-e118-4c77-8b48-cd10d0924bc2,2,
8635c712-231d-439b-bbf9-24f01b14e9ab,2022-06-29 14:24:59.685093+00,2022-06-29 14:24:59.685093+00,eb9d9a01-1435-50f7-bd0c-d645e9c189b0,Expense,140,e8428cb6-2ba2-4a8c-ab6d-44893dfdd01c,2b5776e1-e118-4c77-8b48-cd10d0924bc2,2,
bf3b2560-86f4-4a0f-a811-2b223c5f7d9b,2022-06-29 19:37:53.251754+00,2022-06-29 19:37:53.251754+00,13cb3d92-70c0-54ef-acc2-82d78307a5a5,Income,1500,4d24e49a-94df-45eb-9b13-f3e0b9f8fc84,9a22b658-87e9-4118-b0ae-05f6bb6d18a4,1,
d91c187d-06b7-4380-8e77-407f67101395,2022-06-30 11:55:42.93343+00,2022-06-30 11:55:42.93343+00,5534743f-1ac8-5981-b13a-34bb88c4f16a,Income,100,5f88bb52-5048-4b66-bbfb-612f5997886a,ba7c7670-67c6-46b7-8ba5-96d2ff206420,2,
db3b3d89-586d-42a8-acb9-f198d48a5ab4,2022-06-30 11:57:19.905346+00,2022-06-30 11:57:19.905346+00,7cd3b838-741f-5b2b-ba7c-ecfd1a71d83a,Expense,500,2470240a-d1f6-46d5-b85c-7f0ea863286a,ba7c7670-67c6-46b7-8ba5-96d2ff206420,1,
396b7f39-69c1-4379-b6f8-12f10e2b873e,2022-06-30 12:03:43.429438+00,2022-06-30 12:03:43.429438+00,84b772a3-8cdf-5a6b-b351-34ca669679e2,Income,100,d1b525b6-da50-41bc-88b2-cd41f203608c,ba7c7670-67c6-46b7-8ba5-96d2ff206420,1,
00351dcd-a466-457b-87f7-468523863991,2022-06-30 12:03:43.437246+00,2022-06-30 12:03:43.437246+00,84b772a3-8cdf-5a6b-b351-34ca669679e2,Income,10,65ebce3f-4ad3-482e-b2ff-1343252b32d5,ba7c7670-67c6-46b7-8ba5-96d2ff206420,3,
74703aad-7959-4c74-9fd1-c7d076f86ce3,2022-06-30 12:05:39.024009+00,2022-06-30 12:05:39.024009+00,8a2e18b5-b97a-5816-afb1-ccc3059ec6fe,Expense,20000,2470240a-d1f6-46d5-b85c-7f0ea863286a,ba7c7670-67c6-46b7-8ba5-96d2ff206420,1,
f3c70e4a-8260-4c7e-9d1c-83b7c37a38ec,2022-06-30 12:12:52.587858+00,2022-06-30 12:12:52.587858+00,b20e2462-f585-50d4-86fb-503aee6b8893,Income,300,283f4b1e-af98-4886-b915-17c615410fce,ba7c7670-67c6-46b7-8ba5-96d2ff206420,1,
fa35f5ba-8700-46d8-862c-f87a0775c947,2022-06-30 12:19:31.666445+00,2022-06-30 12:19:31.666445+00,b8e5376b-121c-5fad-8135-8e6521e6124b,Income,10,65ebce3f-4ad3-482e-b2ff-1343252b32d5,ba7c7670-67c6-46b7-8ba5-96d2ff206420,4,
64016ec1-e5b9-4d98-90b7-3a5c4dc037f1,2022-06-30 12:19:31.673869+00,2022-06-30 12:19:31.673869+00,b8e5376b-121c-5fad-8135-8e6521e6124b,Income,5,dffca57c-a9d5-44cb-95ce-26099747071c,ba7c7670-67c6-46b7-8ba5-96d2ff206420,2,
32466b57-a56a-472e-818c-639d3123d94a,2022-06-30 12:21:59.591756+00,2022-06-30 12:21:59.591756+00,6c387b38-204e-5405-a754-ae0a6e14c8f7,Expense,1500,2470240a-d1f6-46d5-b85c-7f0ea863286a,ba7c7670-67c6-46b7-8ba5-96d2ff206420,4,
12945a0e-98bf-4dfa-ae14-25829816f4f8,2022-06-30 12:21:59.598796+00,2022-06-30 12:21:59.598796+00,6c387b38-204e-5405-a754-ae0a6e14c8f7,Expense,1500,b93c3f1a-4973-4e53-af7b-bafd2dc3091a,ba7c7670-67c6-46b7-8ba5-96d2ff206420,6,
2894ca67-cb97-4b06-9548-bf45e15d7c9f,2022-06-30 13:35:00.879948+00,2022-06-30 13:35:00.879948+00,0f116479-9ba8-5349-bcc7-8b045e773535,Income,10,65ebce3f-4ad3-482e-b2ff-1343252b32d5,ba7c7670-67c6-46b7-8ba5-96d2ff206420,3,
3075e8c8-fbb0-45e9-b0a2-734764d376c5,2022-06-30 14:01:16.509236+00,2022-06-30 14:01:16.509236+00,bf5ae5ce-86a3-5cb8-8882-1ca2ff95303f,Income,200,a47fda8b-4bfa-4576-a091-2c633b6b1450,ba7c7670-67c6-46b7-8ba5-96d2ff206420,3,
7c3a496b-c16d-46f7-b63d-864d80b949a7,2022-06-30 14:33:51.783313+00,2022-06-30 14:33:51.783313+00,91f80915-8a8f-59db-bc66-6940ba07ccbe,Income,100,f92e39a5-0b9b-40ac-a479-3a51ca54b90d,ba7c7670-67c6-46b7-8ba5-96d2ff206420,1,
cc78df93-8cc1-4533-a814-804bd3a456fe,2022-07-01 10:14:19.891257+00,2022-07-01 10:14:19.891257+00,f22f9e12-cb6b-5a9c-bcaa-a8bc1dc874e0,Income,100,5f88bb52-5048-4b66-bbfb-612f5997886a,ba7c7670-67c6-46b7-8ba5-96d2ff206420,1,
c1ab6d56-ebeb-4e46-a8d0-6802732f4527,2022-07-01 10:15:05.295037+00,2022-07-01 10:15:05.295037+00,fe93a967-d874-510f-9b8e-b97dec3ff939,Income,200,a47fda8b-4bfa-4576-a091-2c633b6b1450,ba7c7670-67c6-46b7-8ba5-96d2ff206420,1,
e167b5a8-d7d5-49b5-8318-ae6889980356,2022-07-01 10:15:05.303067+00,2022-07-01 10:15:05.303067+00,fe93a967-d874-510f-9b8e-b97dec3ff939,Income,10,65ebce3f-4ad3-482e-b2ff-1343252b32d5,ba7c7670-67c6-46b7-8ba5-96d2ff206420,5,
8f8de11c-86af-4af0-bcb1-046bb0533f7b,2022-07-01 10:41:28.729391+00,2022-07-01 10:41:28.729391+00,413b3be2-0aff-569a-a688-64c7e862b703,Income,200,a47fda8b-4bfa-4576-a091-2c633b6b1450,ba7c7670-67c6-46b7-8ba5-96d2ff206420,1,
0038b072-03e0-4ec4-9159-d2f7b94883eb,2022-07-01 10:41:28.737743+00,2022-07-01 10:41:28.737743+00,413b3be2-0aff-569a-a688-64c7e862b703,Income,10,65ebce3f-4ad3-482e-b2ff-1343252b32d5,ba7c7670-67c6-46b7-8ba5-96d2ff206420,5,
9017b18f-9985-4908-be90-1101292c2dc5,2022-07-02 04:30:03.206829+00,2022-07-02 04:30:03.206829+00,3d3a41d4-7591-5f83-8266-7cb17689e8bd,Expense,1584,23c949fd-ed84-4bd6-a8b0-3459189a6e64,39dca1ef-4db4-4f8f-8bf1-37224be1daed,1,
f90c5284-ce28-43be-8cdd-56fb2677a530,2022-07-02 04:32:15.328215+00,2022-07-02 04:32:15.328215+00,4dcd8dcc-523d-5188-aaa1-07c1cc42d81a,Income,5000,26ff9208-0cc2-4b06-a15e-023ec83b7874,39dca1ef-4db4-4f8f-8bf1-37224be1daed,2,
b3430585-bd74-4ec3-bf6e-f474598e601f,2022-07-02 04:32:15.334465+00,2022-07-02 04:32:15.334465+00,4dcd8dcc-523d-5188-aaa1-07c1cc42d81a,Income,521,3a072731-eb6b-48a7-9c4b-85c81b0b1e3b,39dca1ef-4db4-4f8f-8bf1-37224be1daed,1,
327ef425-7173-48c6-a5a0-b7e7fcb2ce58,2022-07-02 04:38:45.464655+00,2022-07-02 04:38:45.464655+00,1a2a9a5e-8d8c-5f31-a8ff-1a52c0daa6d8,Income,75000,26ff9208-0cc2-4b06-a15e-023ec83b7874,39dca1ef-4db4-4f8f-8bf1-37224be1daed,2,
c18265b7-9367-42aa-982f-b76debf57ee3,2022-07-02 14:06:38.591261+00,2022-07-02 14:06:38.591261+00,5abbde61-625f-599c-9ded-314cd0d5795e,Income,3100,fac3afc3-f3c9-4622-90df-2ba8d78f2708,9a22b658-87e9-4118-b0ae-05f6bb6d18a4,1,
c845d906-6eb4-4633-ba6b-99bb03e193bb,2022-07-02 14:32:52.134475+00,2022-07-02 14:32:52.134475+00,8bfab993-3cfe-5ba3-9a95-ca49b16418a4,Expense,150,51b2b223-b716-46d5-bd49-20cafc9b3edb,9a22b658-87e9-4118-b0ae-05f6bb6d18a4,1,
2c8baa16-45ec-46af-9305-c6c64679e4c6,2022-07-02 17:48:16.378118+00,2022-07-02 17:48:16.378118+00,6a22677d-c056-546a-b877-63b1d7edfaa4,Expense,3210,a68eb379-2fef-4fe7-9dde-3b1880e13afc,2b5776e1-e118-4c77-8b48-cd10d0924bc2,1,
53cb83d7-08ae-40ba-b112-e5e4a5a6a4d8,2022-07-02 17:50:49.0075+00,2022-07-02 17:50:49.0075+00,ec77677a-2a44-5049-b33e-b90867374703,Income,619,2599f531-e4d2-402c-b946-c80b83609545,2b5776e1-e118-4c77-8b48-cd10d0924bc2,1,
835d6ea7-eb6f-4eea-a39d-0e0c86316540,2022-07-02 19:02:29.48003+00,2022-07-02 19:02:29.48003+00,4b0ff684-8ea8-5bf0-ae5e-1e6939509223,Income,208,c780586e-4478-41a7-bbbf-cc30843796a2,2b5776e1-e118-4c77-8b48-cd10d0924bc2,1,
e325008d-c13f-4a19-82a0-a3f26bbb95b2,2022-07-02 19:02:29.491642+00,2022-07-02 19:02:29.491642+00,4b0ff684-8ea8-5bf0-ae5e-1e6939509223,Income,100,69411059-20d0-4ad0-abe0-32efb316a450,2b5776e1-e118-4c77-8b48-cd10d0924bc2,5,
ea4411b1-33fc-4ff7-9dfb-869f5af5bd84,2022-07-02 19:03:54.429136+00,2022-07-02 19:03:54.429136+00,4b9ea714-5c69-57e0-8fdc-b8f150bed86c,Income,50,1a2e9e5f-b423-4441-a6c7-4e33e4b44a25,2b5776e1-e118-4c77-8b48-cd10d0924bc2,2,
58ce0ca6-d05d-46ef-afb6-8026ec9bd10b,2022-07-02 19:07:02.936414+00,2022-07-02 19:07:02.936414+00,be9d3fc8-89ab-5f4e-ac6a-5c53417b3e4e,Income,50,e884930d-e0c3-4965-b56e-176965679401,2b5776e1-e118-4c77-8b48-cd10d0924bc2,3,
6474c028-71a6-4bcd-abd1-846537c649d7,2022-07-02 19:30:17.601567+00,2022-07-02 19:30:17.601567+00,25b290b9-ad27-577b-8e69-057fd1a9e734,Expense,250,00be593b-ac88-425b-a43a-f81f52692417,2b5776e1-e118-4c77-8b48-cd10d0924bc2,1,
ae46e606-3c01-4bf4-82ff-bbd8a490d93b,2022-07-02 19:31:13.88767+00,2022-07-02 19:31:13.88767+00,2319e6cc-4f17-5961-a38a-5bb5208f0815,Income,0,6e6995c0-2a47-4ebb-bba1-9b86d5062883,2b5776e1-e118-4c77-8b48-cd10d0924bc2,1,
4b556769-babc-45df-8172-c4bca77e3628,2022-07-02 19:49:21.711427+00,2022-07-02 19:49:21.711427+00,3a3f2334-7204-5c42-acc9-aa4aa28a2cd1,Income,100,c780586e-4478-41a7-bbbf-cc30843796a2,2b5776e1-e118-4c77-8b48-cd10d0924bc2,2,
4e36a150-5126-48c3-93ab-3c68e0090795,2022-07-02 20:04:53.737547+00,2022-07-02 20:04:53.737547+00,47bc2785-7b05-58a5-9127-d7413f0ac951,Expense,1000,ea03a329-b17d-4b59-ad3a-d12bcb43c53f,2b5776e1-e118-4c77-8b48-cd10d0924bc2,1,
a55602f7-9cf9-4841-8037-22de061cca47,2022-07-02 20:04:53.744425+00,2022-07-02 20:04:53.744425+00,47bc2785-7b05-58a5-9127-d7413f0ac951,Expense,510,e19c96c3-72c5-4904-b7ac-baf6cdded20e,2b5776e1-e118-4c77-8b48-cd10d0924bc2,1,
7590e59d-cf32-4d1f-9f32-730dab09860c,2022-07-04 15:54:18.718749+00,2022-07-04 15:54:18.718749+00,8afa4f3b-0f05-59a8-9168-3cece6aa8f06,Income,50,a70fa294-49a4-4cde-8ab5-934ef61d323f,2b5776e1-e118-4c77-8b48-cd10d0924bc2,1,
a2209bd8-6797-4e52-8712-48b1d0e5825e,2022-07-05 13:33:25.7474+00,2022-07-05 13:33:25.7474+00,67810644-4062-5e31-a95e-26581ac8c99a,Income,250,3a072731-eb6b-48a7-9c4b-85c81b0b1e3b,39dca1ef-4db4-4f8f-8bf1-37224be1daed,2,
7ee73674-94a4-44ac-9a35-1fc7ee9339b4,2022-07-06 11:54:17.321526+00,2022-07-06 11:54:17.321526+00,e638134b-1208-5077-a536-84a6f26db893,Income,200,a47fda8b-4bfa-4576-a091-2c633b6b1450,ba7c7670-67c6-46b7-8ba5-96d2ff206420,5,
62d100b6-0d11-47f2-accb-9a068bdcceb2,2022-07-06 11:54:17.331033+00,2022-07-06 11:54:17.331033+00,e638134b-1208-5077-a536-84a6f26db893,Income,100,5f88bb52-5048-4b66-bbfb-612f5997886a,ba7c7670-67c6-46b7-8ba5-96d2ff206420,1,
36c2dd08-34c2-4be8-b1e4-e527f68fbd12,2022-07-06 11:54:17.360183+00,2022-07-06 11:54:17.360183+00,e638134b-1208-5077-a536-84a6f26db893,Income,30,4349b958-ec35-46c1-b332-a0889e5d5747,ba7c7670-67c6-46b7-8ba5-96d2ff206420,1,
e15ae855-f8c1-49ea-9f66-a203f1e8f19b,2022-07-06 14:03:57.405341+00,2022-07-06 14:03:57.405341+00,65b4d111-ccf9-51eb-a58b-7db37e27b1ac,Income,200,a47fda8b-4bfa-4576-a091-2c633b6b1450,ba7c7670-67c6-46b7-8ba5-96d2ff206420,1,
d1e7d902-c3f1-4c64-9601-1e4e948ac7d9,2022-07-06 14:03:57.416721+00,2022-07-06 14:03:57.416721+00,65b4d111-ccf9-51eb-a58b-7db37e27b1ac,Income,10,65ebce3f-4ad3-482e-b2ff-1343252b32d5,ba7c7670-67c6-46b7-8ba5-96d2ff206420,5,
dcdf3c7c-603b-4cba-aa34-a1da930d7a78,2022-07-07 06:45:47.480962+00,2022-07-07 06:45:47.480962+00,225327c3-1ad1-5545-bd5f-7af73acdb429,Income,400,2e8550f3-ee8c-4595-ba36-8830bb728c2e,2b85bf50-8534-4a65-9365-87e7ff15edd2,1,
b23758ad-e6c0-48e8-9dd0-5ab6ab680693,2022-07-07 07:51:46.383339+00,2022-07-07 07:51:46.383339+00,416eaa60-7e94-51ed-b3c4-e7b6195b32d5,Income,500,d61eabe1-d614-46b9-b431-69af04d7ef7f,32e18ded-f7bd-42e6-8670-f356dbf060ea,1,
9b266b8e-12fa-485d-baf9-95bcf49bd291,2022-07-07 08:34:03.367247+00,2022-07-07 08:34:03.367247+00,b9e1bea8-db14-5e55-815c-1312cf81ec6d,Income,10,65ebce3f-4ad3-482e-b2ff-1343252b32d5,ba7c7670-67c6-46b7-8ba5-96d2ff206420,10,
57d9a6d3-d669-41f7-bc00-81f118fbfce4,2022-07-07 08:38:12.307558+00,2022-07-07 08:38:12.307558+00,9aa96710-b07f-5a33-9247-d2673a23ec4d,Expense,2000,2470240a-d1f6-46d5-b85c-7f0ea863286a,ba7c7670-67c6-46b7-8ba5-96d2ff206420,1,
58b3dfad-3d0e-4625-bfd0-81d2aa486d16,2022-07-07 11:31:47.827554+00,2022-07-07 11:31:47.827554+00,dfd9319d-c385-5709-89bb-b4a97e24b8f2,Income,100,14c81334-db27-4278-868d-35953695ccba,ba7c7670-67c6-46b7-8ba5-96d2ff206420,2,
af3d359e-7c5c-4a24-971b-443d520e397f,2022-07-07 12:33:17.732242+00,2022-07-07 12:33:17.732242+00,d4497f1e-7ecc-575b-9e45-a66841e5aa0f,Income,200,a47fda8b-4bfa-4576-a091-2c633b6b1450,ba7c7670-67c6-46b7-8ba5-96d2ff206420,1,
90195974-2ecd-4dfd-9c44-9c7486f6e93a,2022-07-08 05:19:14.191024+00,2022-07-08 05:19:14.191024+00,29d65a18-aed3-52df-93db-ecb12131613f,Expense,50,de6528b7-0053-4115-bf44-ee69de0ef6d1,9a22b658-87e9-4118-b0ae-05f6bb6d18a4,1,
8417c971-38aa-4b73-9803-3e1f3ddf1e61,2022-07-08 05:20:07.68002+00,2022-07-08 05:20:07.68002+00,3b5d113a-1e26-57f9-a904-b5efbbb5ff79,Expense,100,03d09f17-7300-4f6d-b043-677fcb1989bb,9a22b658-87e9-4118-b0ae-05f6bb6d18a4,1,
5d2a64ea-fa03-44d4-912c-cd7d6782bf8b,2022-07-08 05:21:12.396693+00,2022-07-08 05:21:12.396693+00,824ed061-59ce-59b8-9ae1-15bbea81116b,Income,500,fac3afc3-f3c9-4622-90df-2ba8d78f2708,9a22b658-87e9-4118-b0ae-05f6bb6d18a4,1,
a820d3f9-507d-499e-92fd-f721b895887d,2022-07-08 05:22:29.503529+00,2022-07-08 05:22:29.503529+00,8053894f-d9b8-558f-b8d9-ef5ca5947b06,Expense,500,de6528b7-0053-4115-bf44-ee69de0ef6d1,9a22b658-87e9-4118-b0ae-05f6bb6d18a4,1,
f269e14a-2470-4998-a20a-a2595d51f54a,2022-07-08 05:23:37.406902+00,2022-07-08 05:23:37.406902+00,d5d63db6-071c-5247-b95b-4123e356ae23,Expense,850,51b2b223-b716-46d5-bd49-20cafc9b3edb,9a22b658-87e9-4118-b0ae-05f6bb6d18a4,1,
b8e2ed11-8d7c-46b3-81a0-bbeaeaea2df7,2022-07-08 05:24:22.583295+00,2022-07-08 05:24:22.583295+00,bdd207d2-a215-5ec2-8e9f-ad8da66047b1,Income,1500,fac3afc3-f3c9-4622-90df-2ba8d78f2708,9a22b658-87e9-4118-b0ae-05f6bb6d18a4,1,
f8e255d7-d9d8-49f7-b6f1-cac6f0c3fd53,2022-07-08 05:25:29.136686+00,2022-07-08 05:25:29.136686+00,5d257ddb-8f46-56b9-a4f8-7b2d63b16172,Income,3100,fac3afc3-f3c9-4622-90df-2ba8d78f2708,9a22b658-87e9-4118-b0ae-05f6bb6d18a4,1,
42fc14bf-7a30-48a2-88c1-ea05d55317ec,2022-07-08 05:26:43.941531+00,2022-07-08 05:26:43.941531+00,25fbb334-e686-5318-b8ba-5300ae5b5825,Expense,150,03d09f17-7300-4f6d-b043-677fcb1989bb,9a22b658-87e9-4118-b0ae-05f6bb6d18a4,1,
7006917d-5bbd-41ac-b4cc-12dc727f384e,2022-07-08 05:27:01.863537+00,2022-07-08 05:27:01.863537+00,c42e9b34-da15-5575-8882-133e516c372b,Income,1000,fac3afc3-f3c9-4622-90df-2ba8d78f2708,9a22b658-87e9-4118-b0ae-05f6bb6d18a4,1,
fd0b3507-2f9c-415b-852d-c11f7a83ba75,2022-07-08 05:28:53.723939+00,2022-07-08 05:28:53.723939+00,5670656b-7612-51f7-8ea3-34eca42f0cf5,Expense,1650,e252d57f-b406-4a6e-a0e6-befbb57a1f1f,9a22b658-87e9-4118-b0ae-05f6bb6d18a4,1,
08d92a1a-6af9-4c5e-afdc-2d32b58287b5,2022-07-08 05:29:25.039814+00,2022-07-08 05:29:25.039814+00,384d9c62-c00a-5113-ab9a-6b5cc6ca1c1c,Income,500,fac3afc3-f3c9-4622-90df-2ba8d78f2708,9a22b658-87e9-4118-b0ae-05f6bb6d18a4,1,
5761ce1d-9c1a-40d9-ba1f-999d342e12ee,2022-07-08 05:34:29.420224+00,2022-07-08 05:34:29.420224+00,034c127c-d50b-5a93-8a95-c69074ed36b2,Expense,0,63aa9e07-58bd-4cfc-8cdc-02dfc7157518,9a22b658-87e9-4118-b0ae-05f6bb6d18a4,1,
e760bcc5-42e4-4bc4-ab97-951cdc522446,2022-07-08 05:35:05.39108+00,2022-07-08 05:35:05.39108+00,1e97cf69-c7d4-5748-8f8d-58c48b8f0264,Expense,5000,63aa9e07-58bd-4cfc-8cdc-02dfc7157518,9a22b658-87e9-4118-b0ae-05f6bb6d18a4,1,
9d487e50-5f8d-46a5-9e48-a84cbd605385,2022-07-08 07:54:16.617732+00,2022-07-08 07:54:16.617732+00,8927b861-394e-52d4-9a95-b486094b7b2d,Expense,300,0f8cb366-cef7-4df0-8741-48c625d3cf75,da5a5ffb-c479-4d34-8104-affed9b56620,1,
1f531900-d1d1-488f-9aa0-402972b7876c,2022-07-08 08:09:34.049256+00,2022-07-08 08:09:34.049256+00,2a21ddb8-220c-51ed-bf54-a733a898c1f7,Expense,300,1c418919-4c5d-4e07-a21e-0651fdabb2a5,da5a5ffb-c479-4d34-8104-affed9b56620,1,
375d5e3c-716f-41c7-bdf8-e22214f043e8,2022-07-08 08:13:42.793835+00,2022-07-08 08:13:42.793835+00,dffad939-47d3-51a9-98fb-db66c4db94c6,Income,100,2ccfab52-4d88-44dc-a32a-bb362155899a,da5a5ffb-c479-4d34-8104-affed9b56620,1,
f5e80513-70ad-4dc9-98f1-a85a117f69d4,2022-07-08 08:35:20.221961+00,2022-07-08 08:35:20.221961+00,5aa1bd0f-ce77-5c32-be78-19430869548e,Income,2000,c7ad94ee-2d2b-4e84-a00b-3e731f78a7d2,da5a5ffb-c479-4d34-8104-affed9b56620,1,
4fd495bc-2b68-4d4f-814c-17fc679c18ab,2022-07-08 15:09:11.067249+00,2022-07-08 15:09:11.067249+00,ae53dcb3-25bb-52f0-b6da-79e1a42b2e1b,Income,2500,fac3afc3-f3c9-4622-90df-2ba8d78f2708,9a22b658-87e9-4118-b0ae-05f6bb6d18a4,1,
27507298-9d74-4682-b126-49de689105c8,2022-07-08 15:09:37.386451+00,2022-07-08 15:09:37.386451+00,f7be41aa-1247-54f3-bea7-4321c0e38630,Expense,3000,51b2b223-b716-46d5-bd49-20cafc9b3edb,9a22b658-87e9-4118-b0ae-05f6bb6d18a4,1,
11d73046-25f1-4fa1-9817-61383829c4d2,2022-07-08 15:10:02.344128+00,2022-07-08 15:10:02.344128+00,4180c68c-1086-5062-abf6-77389e34b92b,Income,850,fac3afc3-f3c9-4622-90df-2ba8d78f2708,9a22b658-87e9-4118-b0ae-05f6bb6d18a4,1,
ff532807-d440-4a16-98c4-f2939be8148f,2022-07-10 14:47:30.794786+00,2022-07-10 14:47:30.794786+00,3dbe26e9-67a9-5b2a-86f9-9d8b9924d381,Income,500,b60e72ad-6444-4f7e-a672-1cfafd81a108,da5a5ffb-c479-4d34-8104-affed9b56620,1,
9250d3f1-ba7b-4835-8dc1-e163489477aa,2022-07-10 14:49:28.409935+00,2022-07-10 14:49:28.409935+00,9fe6a7d3-2a53-5a73-aa08-75f262a69742,Expense,1400,68baf3a1-339b-4627-94a5-770b2f387ba7,da5a5ffb-c479-4d34-8104-affed9b56620,1,
a459de3c-a09c-4bfe-af3b-1235fa6246aa,2022-07-10 14:52:58.039615+00,2022-07-10 14:52:58.039615+00,4948c5d8-2fba-5947-8a26-cf283341efc8,Income,500,1f8e77a6-270f-4318-b41b-1cb2c5d2409b,da5a5ffb-c479-4d34-8104-affed9b56620,1,
17032420-9ec7-4e22-b729-1290dd1042b5,2022-07-10 14:54:17.884188+00,2022-07-10 14:54:17.884188+00,8c11d1c9-836d-5c8c-a214-27a5945635da,Expense,3340,909ed294-b92b-42cf-97d1-ff3e62a9f876,da5a5ffb-c479-4d34-8104-affed9b56620,1,
56fccaab-0504-4b44-8730-5e5ed4fcfe30,2022-07-10 14:55:52.105493+00,2022-07-10 14:55:52.105493+00,8be9a467-2c4e-5bef-ad16-95f6ba3ff9d4,Income,1000,89d5763b-b770-4afc-982a-81d19f4857e8,da5a5ffb-c479-4d34-8104-affed9b56620,1,
d2d5e91b-c2da-41cb-978d-e4d900042970,2022-07-10 14:58:17.305468+00,2022-07-10 14:58:17.305468+00,1c211e6c-5b53-54dc-a6ef-7435ee44bd1a,Income,2000,3734b109-bf5d-4434-9c59-c51195242c06,da5a5ffb-c479-4d34-8104-affed9b56620,1,
0b66fd64-d468-4ec9-afcb-087919608f18,2022-07-10 15:00:56.581108+00,2022-07-10 15:00:56.581108+00,56207365-c626-5f55-b40b-d7833cf1f99f,Income,5000,a84155b6-5945-456f-a2d6-0b7792559348,da5a5ffb-c479-4d34-8104-affed9b56620,1,
6d0a1910-354e-4e21-8a3f-6ed492a5ac34,2022-07-15 03:50:01.812997+00,2022-07-15 03:50:01.812997+00,6ea5aca5-c384-55aa-a58e-d511955416f5,Expense,0,a0539257-8b24-41d5-88a0-7242dcebceca,32e18ded-f7bd-42e6-8670-f356dbf060ea,1,
76b6074e-c339-4af6-b184-838efe5904cc,2022-07-23 09:11:40.08124+00,2022-07-23 09:11:40.08124+00,905bfec1-0e9c-5021-924a-a4944da590cc,Income,1500,e649cb5f-f90b-4a0b-b3d1-d3230b2fb2ff,2b5776e1-e118-4c77-8b48-cd10d0924bc2,5,
5b104fcc-3a74-4599-8e20-773651974c73,2022-07-23 13:43:42.430637+00,2022-07-23 13:43:42.430637+00,958490d5-fc79-5605-a883-f3b9e8f85394,Income,50,c780586e-4478-41a7-bbbf-cc30843796a2,2b5776e1-e118-4c77-8b48-cd10d0924bc2,10,
2649139b-cd46-4a0f-9904-d7cec10d3fb6,2022-07-23 13:43:42.438711+00,2022-07-23 13:43:42.438711+00,958490d5-fc79-5605-a883-f3b9e8f85394,Income,10,a70fa294-49a4-4cde-8ab5-934ef61d323f,2b5776e1-e118-4c77-8b48-cd10d0924bc2,1,
7c16ded6-1678-4aeb-a0c0-8297128d8289,2022-07-23 14:06:27.101775+00,2022-07-23 14:06:27.101775+00,76b958ed-d912-5f17-b9b9-a1e4d23b0ad7,Expense,300,ebae03f6-6de3-40fe-a341-1f69ff2f9d00,2b5776e1-e118-4c77-8b48-cd10d0924bc2,1,
cf999796-5420-4a64-a3f9-51706511e724,2022-07-23 14:08:13.309815+00,2022-07-23 14:08:13.309815+00,09e14aee-728c-505d-81bd-efeb31459dab,Income,50,1a2e9e5f-b423-4441-a6c7-4e33e4b44a25,2b5776e1-e118-4c77-8b48-cd10d0924bc2,7,
f5dfecb9-b2da-4c71-afc8-37f0344b5e56,2022-07-23 14:08:13.318605+00,2022-07-23 14:08:13.318605+00,09e14aee-728c-505d-81bd-efeb31459dab,Income,420,1fa0e91e-62f3-4028-9d75-3436038205d6,2b5776e1-e118-4c77-8b48-cd10d0924bc2,2,
e80bb0a6-94b5-4067-956d-7cc32a0846c8,2022-07-23 14:22:22.609449+00,2022-07-23 14:22:22.609449+00,4617196a-de24-5c51-97a1-25dfd185496b,Expense,100,c77587ef-8989-4936-becb-40ec280923f9,2b5776e1-e118-4c77-8b48-cd10d0924bc2,2,
4ed313dd-e0bc-405b-ba5e-a773981ec217,2022-07-23 14:23:19.692869+00,2022-07-23 14:23:19.692869+00,9d3f6b09-9d2e-566a-94ba-c7729c88d02c,Income,500,c780586e-4478-41a7-bbbf-cc30843796a2,2b5776e1-e118-4c77-8b48-cd10d0924bc2,1,
f7f510bc-0182-4bc6-a7ad-f9105a10af3b,2022-07-23 14:23:19.700684+00,2022-07-23 14:23:19.700684+00,9d3f6b09-9d2e-566a-94ba-c7729c88d02c,Income,50,69411059-20d0-4ad0-abe0-32efb316a450,2b5776e1-e118-4c77-8b48-cd10d0924bc2,1,
bb598b32-774c-4f91-b6bc-cb717dab13f7,2022-07-25 09:04:21.261508+00,2022-07-25 09:04:21.261508+00,d299e4fb-9613-5564-b6f0-c8deae11e4e7,Income,450,2045b1ff-b71d-45f2-acc3-04f78f9fb893,2b5776e1-e118-4c77-8b48-cd10d0924bc2,1,
b15106ab-01bb-4321-87f1-9752fccb6871,2022-07-25 09:05:12.602769+00,2022-07-25 09:05:12.602769+00,aaa6d7fe-a6cb-5825-a2d6-7d6f918280bb,Expense,20,636d66ed-b9bd-4066-b868-ad9830867e1c,2b5776e1-e118-4c77-8b48-cd10d0924bc2,1,
b9d711f2-4154-4bf0-a7f5-f538155e9de1,2022-07-25 09:58:56.105029+00,2022-07-25 09:58:56.105029+00,2b74dad0-a353-5502-9578-355eb02efe7f,Income,50,69411059-20d0-4ad0-abe0-32efb316a450,2b5776e1-e118-4c77-8b48-cd10d0924bc2,1,
58a4d602-67ab-4ac9-8f07-fc27e8ef32bd,2022-07-25 10:30:18.153385+00,2022-07-25 10:30:18.153385+00,1b432d48-35c2-5022-8df3-e509432e259c,Expense,130,00be593b-ac88-425b-a43a-f81f52692417,2b5776e1-e118-4c77-8b48-cd10d0924bc2,1,
673694c8-335c-40a6-93d3-b3ca04908927,2022-07-25 10:31:16.108887+00,2022-07-25 10:31:16.108887+00,4ea3ba34-02bf-5545-a298-876fc0416eac,Income,200,e34bf9f9-9e47-4438-a17b-6ca3a05047e7,2b5776e1-e118-4c77-8b48-cd10d0924bc2,5,
336d6136-cddc-40e3-a204-e51b2827c0ac,2022-07-25 17:41:07.095553+00,2022-07-25 17:41:07.095553+00,1ecdba5b-de1e-5142-a4c8-f521d2050a63,Expense,20,636d66ed-b9bd-4066-b868-ad9830867e1c,2b5776e1-e118-4c77-8b48-cd10d0924bc2,1,
a980dd02-3d69-49d2-a7b2-c03cfe52fb4c,2022-07-25 17:43:09.991506+00,2022-07-25 17:43:09.991506+00,bc695719-9e7c-53cb-8877-91aa8f0f94b0,Income,200,e34bf9f9-9e47-4438-a17b-6ca3a05047e7,2b5776e1-e118-4c77-8b48-cd10d0924bc2,2,
01125816-0a06-42ea-bd2a-7f987de54337,2022-07-25 17:43:09.99876+00,2022-07-25 17:43:09.99876+00,bc695719-9e7c-53cb-8877-91aa8f0f94b0,Income,20,a70fa294-49a4-4cde-8ab5-934ef61d323f,2b5776e1-e118-4c77-8b48-cd10d0924bc2,1,
38e274c8-0a8c-496d-a992-f28fb40565fa,2022-07-25 17:52:19.445767+00,2022-07-25 17:52:19.445767+00,24d1e527-0000-5c01-ae08-f2f3a17278e8,Income,1500,e649cb5f-f90b-4a0b-b3d1-d3230b2fb2ff,2b5776e1-e118-4c77-8b48-cd10d0924bc2,7,
e2c02990-3c97-4f39-9bb7-9a2b3888d4d0,2022-07-26 13:55:55.721556+00,2022-07-26 13:55:55.721556+00,ba873f2e-dfa4-5e51-89e3-6e6bbb963a47,Expense,4000,6e3e9d40-eafc-4b4e-8eb7-de2e58922526,11d8d3d5-e360-45dc-a098-fbf41c252743,1,
9b7b2c9a-e1a1-4f57-96bd-8f48e1039096,2022-07-27 12:50:02.523498+00,2022-07-27 12:50:02.523498+00,296a6b4d-6dfa-5a2e-bb4e-9bc3738d7509,Income,100,9ab3a2f1-c899-4a80-a2f9-7d32c95d549e,a9514b14-a1d9-4143-9350-2d143ec6b2b6,1,
5f3a36bf-a9ea-4843-b6dc-cbeded131d5f,2022-07-27 12:53:15.457837+00,2022-07-27 12:53:15.457837+00,5f3d69ea-ed71-5318-93ab-e35cb0d644c4,Income,100,9ab3a2f1-c899-4a80-a2f9-7d32c95d549e,a9514b14-a1d9-4143-9350-2d143ec6b2b6,3,
67ac8bb6-5678-4a32-9694-17c8489537b3,2022-07-27 12:59:26.272537+00,2022-07-27 12:59:26.272537+00,d697af00-6202-5481-b7c6-9b8e85744f52,Income,100,9ab3a2f1-c899-4a80-a2f9-7d32c95d549e,a9514b14-a1d9-4143-9350-2d143ec6b2b6,1,
68a5492c-0acd-415e-ae66-38a2950941c9,2022-07-27 12:59:26.279807+00,2022-07-27 12:59:26.279807+00,d697af00-6202-5481-b7c6-9b8e85744f52,Income,20,5a79cefe-b525-4bfb-a057-24910c8777a7,a9514b14-a1d9-4143-9350-2d143ec6b2b6,2,
d296df83-1450-4137-af3a-f0f827e34c5a,2022-07-28 04:53:29.936632+00,2022-07-28 04:53:29.936632+00,02861af3-ec7f-58df-a7bd-02a6593a7af4,Income,306,0751e222-18a4-4dbf-80a8-6b69268be2ed,99cd5331-550f-444e-835e-89adf9ab5c84,1,
fe6005a0-2fdc-4cbe-bc85-a0105ff7fde4,2022-07-28 12:26:17.63948+00,2022-07-28 12:26:17.63948+00,c084341a-9b24-5aca-adfc-c56e5c374d3f,Expense,530,046cc3cd-214b-4b50-8f1c-a6475a97be9f,11d8d3d5-e360-45dc-a098-fbf41c252743,1,
5fb0664d-2d5d-468e-b9a7-70572bf102cf,2022-07-28 12:30:11.294589+00,2022-07-28 12:30:11.294589+00,2c7c0acd-f851-5df0-baac-13052ce35a6f,Income,200,fb8a56d3-ba9c-4f90-9116-31b506aac7bf,11d8d3d5-e360-45dc-a098-fbf41c252743,11,
74ad7346-5c94-438b-804a-c16c1cf8fc3a,2022-07-28 20:56:06.473597+00,2022-07-28 20:56:06.473597+00,9d05f244-b03e-5b88-b821-7361d3ba4136,Income,50,ce0d3018-355e-469b-8648-6a6cfbf5d2d2,a9514b14-a1d9-4143-9350-2d143ec6b2b6,2,
1d012c28-d2ef-4382-a81a-78458199bd20,2022-07-28 20:56:06.481402+00,2022-07-28 20:56:06.481402+00,9d05f244-b03e-5b88-b821-7361d3ba4136,Income,40,07bc8661-1b81-4db0-84fa-3f33a2319df6,a9514b14-a1d9-4143-9350-2d143ec6b2b6,1,
b9a968c7-cbdd-4508-a73c-d29134c9e246,2022-07-29 11:41:56.40876+00,2022-07-29 11:41:56.40876+00,7dc4087b-bc27-5cfe-94af-fb312c136c09,Income,20,5a79cefe-b525-4bfb-a057-24910c8777a7,a9514b14-a1d9-4143-9350-2d143ec6b2b6,2,
19e82a1b-dd26-40b7-8bd8-07ec551d29bb,2022-07-30 02:52:38.421601+00,2022-07-30 02:52:38.421601+00,5ba99cbb-0fdf-5d72-9397-eebd640cfd9c,Expense,100,de6528b7-0053-4115-bf44-ee69de0ef6d1,9a22b658-87e9-4118-b0ae-05f6bb6d18a4,1,
4b32e196-8e9d-4347-9c6d-73aab7d82298,2022-07-30 02:53:53.966164+00,2022-07-30 02:53:53.966164+00,080635c2-c23a-5ceb-8370-dad15a1ee774,Expense,173,71d0c0fc-7557-493c-979f-3485e90ee30f,9a22b658-87e9-4118-b0ae-05f6bb6d18a4,1,
12766204-75cc-4f98-b800-ffc196aa299f,2022-07-30 03:01:30.216671+00,2022-07-30 03:01:30.216671+00,b4aa20c4-62cd-5abb-a51b-ff129aa18739,Income,7000,fac3afc3-f3c9-4622-90df-2ba8d78f2708,9a22b658-87e9-4118-b0ae-05f6bb6d18a4,1,
6ba66b1b-b4dd-4d3e-b793-9f5c65869f8f,2022-07-30 03:08:43.78229+00,2022-07-30 03:08:43.78229+00,97f494da-446b-5b1b-8dc1-9b8231679cbd,Expense,1000,51b2b223-b716-46d5-bd49-20cafc9b3edb,9a22b658-87e9-4118-b0ae-05f6bb6d18a4,1,
2d532784-a6e0-4541-935b-d6d3f241633f,2022-07-30 03:10:21.620232+00,2022-07-30 03:10:21.620232+00,15ee8fa6-a2a4-59a3-acd3-618c2810518b,Expense,1000,51b2b223-b716-46d5-bd49-20cafc9b3edb,9a22b658-87e9-4118-b0ae-05f6bb6d18a4,1,
c9e8ea7d-1161-4407-a35c-c35aab158e8f,2022-07-30 03:10:21.627277+00,2022-07-30 03:10:21.627277+00,15ee8fa6-a2a4-59a3-acd3-618c2810518b,Expense,200,de6528b7-0053-4115-bf44-ee69de0ef6d1,9a22b658-87e9-4118-b0ae-05f6bb6d18a4,1,
1cdd0fcf-27ff-4e43-8d23-ee7270570c9c,2022-07-30 03:13:23.460745+00,2022-07-30 03:13:23.460745+00,e8dab55f-9f81-5611-8edd-b327f7b87965,Expense,30,de6528b7-0053-4115-bf44-ee69de0ef6d1,9a22b658-87e9-4118-b0ae-05f6bb6d18a4,1,
0aa186fd-8c84-4f26-8ac5-d33171c61472,2022-07-30 03:14:09.370798+00,2022-07-30 03:14:09.370798+00,b2f583fc-6d66-52fd-8bdc-120ce8acd673,Expense,1000,9fcdf765-18f0-41af-99ef-444c24407f98,9a22b658-87e9-4118-b0ae-05f6bb6d18a4,1,
41ce3c6d-204f-4efd-b41a-cae9cce57e32,2022-07-30 03:15:44.206023+00,2022-07-30 03:15:44.206023+00,51d85e64-7a84-5f98-9d2a-fb9f27532927,Income,7200,fac3afc3-f3c9-4622-90df-2ba8d78f2708,9a22b658-87e9-4118-b0ae-05f6bb6d18a4,1,
b8170f77-4730-41f4-b13a-b110541e07be,2022-07-30 03:19:33.769293+00,2022-07-30 03:19:33.769293+00,7cfcee0d-58c5-5cc5-a51a-96ba87650623,Income,500,fac3afc3-f3c9-4622-90df-2ba8d78f2708,9a22b658-87e9-4118-b0ae-05f6bb6d18a4,1,
13798001-f1bc-4d32-bf0e-aa2ee015ca25,2022-07-30 03:20:07.367931+00,2022-07-30 03:20:07.367931+00,db3a42b6-9ef7-5784-a4e3-f2fbd4acee24,Income,100,4d24e49a-94df-45eb-9b13-f3e0b9f8fc84,9a22b658-87e9-4118-b0ae-05f6bb6d18a4,1,
2a240193-adfc-4bb3-bbe3-eeadc5b51e98,2022-07-30 03:20:34.737603+00,2022-07-30 03:20:34.737603+00,7d4b8f04-5b74-5a08-a344-923daac7344f,Expense,50,de6528b7-0053-4115-bf44-ee69de0ef6d1,9a22b658-87e9-4118-b0ae-05f6bb6d18a4,1,
39dd109d-f3e5-4c47-b059-87ad2b56af35,2022-07-30 03:20:49.400707+00,2022-07-30 03:20:49.400707+00,d31adcc5-759c-582c-8943-745e9c5d4eca,Expense,50,de6528b7-0053-4115-bf44-ee69de0ef6d1,9a22b658-87e9-4118-b0ae-05f6bb6d18a4,1,
9b15be5a-38c0-4ffe-ab72-a5323c437631,2022-07-30 03:21:07.230846+00,2022-07-30 03:21:07.230846+00,edbd83cf-235a-5ca4-bdfe-9879612a41c9,Expense,300,de6528b7-0053-4115-bf44-ee69de0ef6d1,9a22b658-87e9-4118-b0ae-05f6bb6d18a4,1,
50daaf14-bf9a-41c7-9d72-fa662524f51e,2022-07-30 03:21:41.16348+00,2022-07-30 03:21:41.16348+00,19f580b4-fd93-5adf-879c-5cabcf97a70f,Income,300,fac3afc3-f3c9-4622-90df-2ba8d78f2708,9a22b658-87e9-4118-b0ae-05f6bb6d18a4,1,
428a52dd-ea5c-4631-a701-9f76468a6dca,2022-07-30 03:22:05.244314+00,2022-07-30 03:22:05.244314+00,970eee52-f2ee-5646-8d70-1af32db8bd18,Expense,200,03d09f17-7300-4f6d-b043-677fcb1989bb,9a22b658-87e9-4118-b0ae-05f6bb6d18a4,1,
7fb86a88-3b6e-4e8b-ba1b-9ee3232ef21c,2022-07-30 03:23:00.083109+00,2022-07-30 03:23:00.083109+00,8c3b89ca-64ac-521a-a915-a8fbaf71a010,Expense,228,63aa9e07-58bd-4cfc-8cdc-02dfc7157518,9a22b658-87e9-4118-b0ae-05f6bb6d18a4,1,
9c2851fa-c38f-4b9f-a922-ac9480dce312,2022-07-30 03:24:08.326346+00,2022-07-30 03:24:08.326346+00,1a0c9a7e-0959-5ce4-8a3e-13c1f3cef135,Expense,1000,51b2b223-b716-46d5-bd49-20cafc9b3edb,9a22b658-87e9-4118-b0ae-05f6bb6d18a4,1,
3b94cb3e-9f31-4ba5-8ec4-20395b02a1bc,2022-07-30 03:25:59.943118+00,2022-07-30 03:25:59.943118+00,a3598fe1-f64d-5331-a299-8f46dd38f1c8,Income,3000,fac3afc3-f3c9-4622-90df-2ba8d78f2708,9a22b658-87e9-4118-b0ae-05f6bb6d18a4,1,
e7324374-e6e2-4ce7-a5d6-79a16baa0863,2022-07-30 03:26:29.152113+00,2022-07-30 03:26:29.152113+00,981a71e8-2207-534d-866c-0501048812f2,Income,2600,fac3afc3-f3c9-4622-90df-2ba8d78f2708,9a22b658-87e9-4118-b0ae-05f6bb6d18a4,1,
4b11edcc-1cba-42fc-8e56-848783e23df7,2022-07-31 17:48:50.47928+00,2022-07-31 17:48:50.47928+00,390ed00c-7384-57cb-9655-a724d0c1382c,Expense,22650,00162c35-1334-46a8-8419-9af98b3f7a25,982d3718-f43d-44a5-96a5-f9f09662e040,1,
07b34525-d0f5-47ec-a4c5-a3d494a7fb28,2022-07-31 17:53:14.336684+00,2022-07-31 17:53:14.336684+00,3af2d5e0-f1a3-5c2a-8e1e-4d05898a7c4c,Income,4200,6ba8fc46-efe0-43b4-b908-bedbcfaf837e,982d3718-f43d-44a5-96a5-f9f09662e040,1,
29c17207-85cd-4832-a648-855493c98bcb,2022-08-01 10:08:57.148167+00,2022-08-01 10:08:57.148167+00,7add10e4-2f0a-5a93-962b-cf4961abdcb9,Income,50,9ab3a2f1-c899-4a80-a2f9-7d32c95d549e,a9514b14-a1d9-4143-9350-2d143ec6b2b6,1,
01e54346-b04d-46bc-a630-a7844f468d21,2022-08-01 10:08:57.155929+00,2022-08-01 10:08:57.155929+00,7add10e4-2f0a-5a93-962b-cf4961abdcb9,Income,40,07bc8661-1b81-4db0-84fa-3f33a2319df6,a9514b14-a1d9-4143-9350-2d143ec6b2b6,1,
bd544de4-1a66-47ed-9fce-43c5fab7a3b1,2022-08-01 10:08:57.166995+00,2022-08-01 10:08:57.166995+00,7add10e4-2f0a-5a93-962b-cf4961abdcb9,Income,20,5a79cefe-b525-4bfb-a057-24910c8777a7,a9514b14-a1d9-4143-9350-2d143ec6b2b6,1,
805b2991-0608-4d43-a95f-3e303f3cef16,2022-08-02 09:35:45.044109+00,2022-08-02 09:35:45.044109+00,e15c3a8e-de7b-5171-a05f-38acf254e7bc,Income,100,9ab3a2f1-c899-4a80-a2f9-7d32c95d549e,a9514b14-a1d9-4143-9350-2d143ec6b2b6,1,
f1c33942-048b-4222-83e2-52bb6d2bd6c8,2022-08-02 09:35:45.051234+00,2022-08-02 09:35:45.051234+00,e15c3a8e-de7b-5171-a05f-38acf254e7bc,Income,40,07bc8661-1b81-4db0-84fa-3f33a2319df6,a9514b14-a1d9-4143-9350-2d143ec6b2b6,1,
5cff1883-0f4a-4e99-89fd-9935249b8d0e,2022-08-02 09:35:45.06142+00,2022-08-02 09:35:45.06142+00,e15c3a8e-de7b-5171-a05f-38acf254e7bc,Income,50,ce0d3018-355e-469b-8648-6a6cfbf5d2d2,a9514b14-a1d9-4143-9350-2d143ec6b2b6,1,
4e3f2c8b-f4e2-4f9a-84fd-e907340b8ed0,2022-08-02 09:43:02.654098+00,2022-08-02 09:43:02.654098+00,eb023624-0f16-504b-8aca-19302023175b,Income,100,9ab3a2f1-c899-4a80-a2f9-7d32c95d549e,a9514b14-a1d9-4143-9350-2d143ec6b2b6,13,
4137a9e2-1e5d-4ac0-a2aa-f2ef3b6b118c,2022-08-02 13:17:59.60881+00,2022-08-02 13:17:59.60881+00,a2b8570e-da0b-5065-bf33-9fb6ade4001b,Income,20,5a79cefe-b525-4bfb-a057-24910c8777a7,a9514b14-a1d9-4143-9350-2d143ec6b2b6,1,
c07c3183-b656-4501-ba36-e7e1575a5b8c,2022-08-02 13:24:39.930676+00,2022-08-02 13:24:39.930676+00,900c9683-45dc-555f-9bb6-544a0a332a54,Income,100,9ab3a2f1-c899-4a80-a2f9-7d32c95d549e,a9514b14-a1d9-4143-9350-2d143ec6b2b6,1,
f44415eb-32ad-4288-a818-ff8329ba9344,2022-08-02 13:25:33.340349+00,2022-08-02 13:25:33.340349+00,aa446f31-9754-58bc-bd3d-050b02d78323,Income,100,9ab3a2f1-c899-4a80-a2f9-7d32c95d549e,a9514b14-a1d9-4143-9350-2d143ec6b2b6,1,
50608d52-066b-4306-90b0-a4d8cb85b7ca,2022-08-02 13:26:08.811897+00,2022-08-02 13:26:08.811897+00,bd37243b-7214-55c6-9e4d-c266f4543d90,Income,100,9ab3a2f1-c899-4a80-a2f9-7d32c95d549e,a9514b14-a1d9-4143-9350-2d143ec6b2b6,1,
06e209ef-ed4f-4730-89f4-041fce9b97af,2022-08-02 13:26:08.818385+00,2022-08-02 13:26:08.818385+00,bd37243b-7214-55c6-9e4d-c266f4543d90,Income,40,07bc8661-1b81-4db0-84fa-3f33a2319df6,a9514b14-a1d9-4143-9350-2d143ec6b2b6,1,
14183107-34b1-40db-8f1f-495e49904c87,2022-08-02 13:26:08.828848+00,2022-08-02 13:26:08.828848+00,bd37243b-7214-55c6-9e4d-c266f4543d90,Income,20,5a79cefe-b525-4bfb-a057-24910c8777a7,a9514b14-a1d9-4143-9350-2d143ec6b2b6,2,
b3074970-08cf-41c9-9a72-2c5056f64aaf,2022-08-03 05:22:50.64348+00,2022-08-03 05:22:50.64348+00,0081d6eb-e975-5511-a9c1-5fbcfd3d8c03,Income,500,29f60510-4c68-49fa-b5e3-bf7b4773389e,64907d35-bbdc-424d-9772-d25b8cf99612,1,
8166e41e-194e-4065-9252-1058f70041d0,2022-08-03 05:29:02.904095+00,2022-08-03 05:29:02.904095+00,b82726ce-5369-51d9-acb1-f3a78497ae02,Income,100,32a3fd7a-2ef7-436e-9321-f835cedcf806,64907d35-bbdc-424d-9772-d25b8cf99612,1,
36a1390b-0cda-4434-ab40-979564948d76,2022-08-03 07:13:17.408283+00,2022-08-03 07:13:17.408283+00,74abcc04-9045-56c7-bbf7-97e0d17ff191,Income,50,ed9c663a-166b-4a94-84e3-1c8129d0c444,64907d35-bbdc-424d-9772-d25b8cf99612,1,
71e2156e-fce3-4fb0-8c89-a8e61cd90b6d,2022-08-03 07:14:54.118544+00,2022-08-03 07:14:54.118544+00,aeffeaa5-db2e-5c91-8387-299e7b129be5,Income,500,3ba558d2-8065-498f-9c49-77ed379ee85d,64907d35-bbdc-424d-9772-d25b8cf99612,1,
9f766332-9f04-4695-92d5-63086d98633c,2022-08-03 07:23:55.219282+00,2022-08-03 07:23:55.219282+00,f37dfd87-5d09-506d-b6ab-aed8f9102fa7,Income,150,29ad9d0e-4531-4009-bba1-9fb3187ee14f,64907d35-bbdc-424d-9772-d25b8cf99612,1,
86130fbd-161f-4b6d-8082-297367bebe6f,2022-08-03 07:23:55.227897+00,2022-08-03 07:23:55.227897+00,f37dfd87-5d09-506d-b6ab-aed8f9102fa7,Income,120,d39ea886-8ba9-40c8-a32f-10e7994430d3,64907d35-bbdc-424d-9772-d25b8cf99612,1,
a66c17ab-b657-4ded-b370-bd44123c2784,2022-08-03 07:23:55.247452+00,2022-08-03 07:23:55.247452+00,f37dfd87-5d09-506d-b6ab-aed8f9102fa7,Income,300,f4286829-9cf9-45bd-8656-8f90bda6ae2e,64907d35-bbdc-424d-9772-d25b8cf99612,1,
b3e72b80-65bf-4eb7-ab57-e859b869178e,2022-08-03 07:23:55.267142+00,2022-08-03 07:23:55.267142+00,f37dfd87-5d09-506d-b6ab-aed8f9102fa7,Income,100,8073bfd9-4ae0-46c4-a2cf-223c1beaaf99,64907d35-bbdc-424d-9772-d25b8cf99612,1,
6e2a760b-a2ff-42a1-a520-2ea08cdf8031,2022-08-03 07:23:55.286599+00,2022-08-03 07:23:55.286599+00,f37dfd87-5d09-506d-b6ab-aed8f9102fa7,Income,150,e5acc75b-e615-46e8-b885-b85857611ba1,64907d35-bbdc-424d-9772-d25b8cf99612,1,
4cc714c0-426c-4cf1-8b45-a7066f3484dd,2022-08-03 07:23:55.305822+00,2022-08-03 07:23:55.305822+00,f37dfd87-5d09-506d-b6ab-aed8f9102fa7,Income,50,b36b9f73-5de3-4627-bb33-8636b7551ea2,64907d35-bbdc-424d-9772-d25b8cf99612,1,
c0b6789b-79de-49e8-9a08-83f959876d19,2022-08-03 07:29:56.219195+00,2022-08-03 07:29:56.219195+00,d3f1b49c-f389-5610-bbb1-4bf390f4e63e,Income,250,467b585f-9df8-465c-bb67-6e366b331157,64907d35-bbdc-424d-9772-d25b8cf99612,1,
7eecdefc-9bb9-454f-a8ae-d58454dfce9b,2022-08-03 07:29:56.228069+00,2022-08-03 07:29:56.228069+00,d3f1b49c-f389-5610-bbb1-4bf390f4e63e,Income,50,9d2acf2b-4058-4ccb-86c4-91822b8d9f7e,64907d35-bbdc-424d-9772-d25b8cf99612,1,
53647217-5526-4b5c-906e-e95ffc226f2f,2022-08-03 08:20:06.790028+00,2022-08-03 08:20:06.790028+00,c4cdac96-b10f-5f7c-bafd-6233e8e81306,Income,1350,1b24a6ec-0319-45af-a127-94f267c590a4,64907d35-bbdc-424d-9772-d25b8cf99612,1,
96e1950e-58cc-421a-ac8f-2b235853686c,2022-08-03 08:20:06.797984+00,2022-08-03 08:20:06.797984+00,c4cdac96-b10f-5f7c-bafd-6233e8e81306,Income,500,3a63cece-3961-4b82-875f-683b80849423,64907d35-bbdc-424d-9772-d25b8cf99612,1,
cbe06254-7a17-4cc1-8627-6821988327ad,2022-08-03 08:20:06.826627+00,2022-08-03 08:20:06.826627+00,c4cdac96-b10f-5f7c-bafd-6233e8e81306,Income,250,2c307037-1ba2-4514-ad6e-d68b27f9c3e5,64907d35-bbdc-424d-9772-d25b8cf99612,1,
21586668-bf19-48d4-b0a9-3c74830c20db,2022-08-03 10:30:27.397591+00,2022-08-03 10:30:27.397591+00,29e216c8-5f6e-55bf-98de-48b16708c2cc,Income,20,5a79cefe-b525-4bfb-a057-24910c8777a7,a9514b14-a1d9-4143-9350-2d143ec6b2b6,1,
61fedcb1-7d58-4bad-9ac9-6717e2ac231e,2022-08-03 10:30:53.133803+00,2022-08-03 10:30:53.133803+00,f40c5e40-ee8c-5bd5-9332-5b3e4b4671d2,Income,100,9ab3a2f1-c899-4a80-a2f9-7d32c95d549e,a9514b14-a1d9-4143-9350-2d143ec6b2b6,1,
e7340fac-5370-458f-a858-1999dd44b595,2022-08-03 10:31:17.148484+00,2022-08-03 10:31:17.148484+00,1fc29f83-5101-5635-a48b-34a55a9a1b35,Income,40,07bc8661-1b81-4db0-84fa-3f33a2319df6,a9514b14-a1d9-4143-9350-2d143ec6b2b6,1,
246ea6bf-ac46-4af9-914f-d2ea79c348bc,2022-08-03 12:32:12.51988+00,2022-08-03 12:32:12.51988+00,5d85e10e-66ef-5d5c-9825-e32055cb9ebe,Income,100,8827247f-3522-4a1b-9222-b1fc16b5aa00,64907d35-bbdc-424d-9772-d25b8cf99612,1,
7efece15-b841-412b-bf7b-527737aea57d,2022-08-03 14:06:36.431566+00,2022-08-03 14:06:36.431566+00,f615e334-b2ed-5950-aa67-ac02ab727bef,Income,100,9ab3a2f1-c899-4a80-a2f9-7d32c95d549e,a9514b14-a1d9-4143-9350-2d143ec6b2b6,1,
0a6e7723-d358-4ccd-be5c-14c28fe4bafc,2022-08-03 14:06:36.43939+00,2022-08-03 14:06:36.43939+00,f615e334-b2ed-5950-aa67-ac02ab727bef,Income,20,5a79cefe-b525-4bfb-a057-24910c8777a7,a9514b14-a1d9-4143-9350-2d143ec6b2b6,1,
dc4ae511-b030-49d4-94c8-2547dcee91e0,2022-08-03 14:08:35.06629+00,2022-08-03 14:08:35.06629+00,fc2ec6f2-3265-560a-9623-c23f11035a71,Income,100,9ab3a2f1-c899-4a80-a2f9-7d32c95d549e,a9514b14-a1d9-4143-9350-2d143ec6b2b6,1,
991f4d8c-99aa-4ef6-8b6e-ed169fed2e4e,2022-08-03 18:13:37.681857+00,2022-08-03 18:13:37.681857+00,41d77f17-2a34-5c80-9661-14f9860f96ed,Income,200,19a46d78-dac2-4547-8b2d-72465f4e82d4,11d8d3d5-e360-45dc-a098-fbf41c252743,2,
508a7b77-b9ec-47c1-bf52-06a9c95b2fde,2022-08-03 18:13:37.689549+00,2022-08-03 18:13:37.689549+00,41d77f17-2a34-5c80-9661-14f9860f96ed,Income,200,fb8a56d3-ba9c-4f90-9116-31b506aac7bf,11d8d3d5-e360-45dc-a098-fbf41c252743,1,
b4e577f2-c800-471f-af8e-d10cc78d1e9d,2022-08-04 04:27:15.679653+00,2022-08-04 04:27:15.679653+00,e4c42f8b-a62f-5227-85fc-238b2af06e07,Income,900,5077874a-de39-4956-9dbf-d00a9b6e605b,64907d35-bbdc-424d-9772-d25b8cf99612,1,
6c5f1d92-f9eb-4edd-bdaa-444e6d9ae0f6,2022-08-04 07:32:54.078161+00,2022-08-04 07:32:54.078161+00,4c38ca5f-4cb9-5e4c-bce6-0ad58702e0e6,Expense,250,917e5495-b726-40b6-9ec0-344dfbe0160e,64907d35-bbdc-424d-9772-d25b8cf99612,1,
2b1bd40a-896d-49fe-8ebc-25e11ba4110e,2022-08-04 07:53:14.66621+00,2022-08-04 07:53:14.66621+00,05b9eef4-ca9f-5828-8def-0360803d6997,Income,1000,5077874a-de39-4956-9dbf-d00a9b6e605b,64907d35-bbdc-424d-9772-d25b8cf99612,1,
e0dd9477-47f9-4600-b720-e7beb7270856,2022-08-04 10:52:46.636075+00,2022-08-04 10:52:46.636075+00,a60a08fe-6952-5642-a82f-bd347509ffa3,Income,100,9ab3a2f1-c899-4a80-a2f9-7d32c95d549e,a9514b14-a1d9-4143-9350-2d143ec6b2b6,1,
36085fed-abb0-49ad-886e-6024a3b267fd,2022-08-04 10:52:46.643551+00,2022-08-04 10:52:46.643551+00,a60a08fe-6952-5642-a82f-bd347509ffa3,Income,50,ce0d3018-355e-469b-8648-6a6cfbf5d2d2,a9514b14-a1d9-4143-9350-2d143ec6b2b6,1,
255f6312-d20c-43a1-9b10-2e15c99dfe58,2022-08-04 14:22:20.37755+00,2022-08-04 14:22:20.37755+00,0b02ae31-8cfc-59dd-ba7b-17046c476d98,Income,50,ce0d3018-355e-469b-8648-6a6cfbf5d2d2,a9514b14-a1d9-4143-9350-2d143ec6b2b6,1,
99f9b923-f56b-4135-9d47-f15504aa0b9a,2022-08-04 14:22:56.381644+00,2022-08-04 14:22:56.381644+00,f9d448da-99b3-5cc7-87f7-1f475a073b68,Income,20,5a79cefe-b525-4bfb-a057-24910c8777a7,a9514b14-a1d9-4143-9350-2d143ec6b2b6,1,
7426e6d0-9f42-483a-872a-bf365ba87ddc,2022-08-04 14:22:56.390094+00,2022-08-04 14:22:56.390094+00,f9d448da-99b3-5cc7-87f7-1f475a073b68,Income,40,07bc8661-1b81-4db0-84fa-3f33a2319df6,a9514b14-a1d9-4143-9350-2d143ec6b2b6,1,
4711e70b-01ff-4516-8adf-97c4f6991baf,2022-08-04 14:22:56.402067+00,2022-08-04 14:22:56.402067+00,f9d448da-99b3-5cc7-87f7-1f475a073b68,Income,50,ce0d3018-355e-469b-8648-6a6cfbf5d2d2,a9514b14-a1d9-4143-9350-2d143ec6b2b6,1,
010ac36e-999d-485c-8e0e-fe3ee2ae8292,2022-08-04 14:23:31.02947+00,2022-08-04 14:23:31.02947+00,34ec2b9f-263d-520c-a073-d97bb2abf3da,Income,20,5a79cefe-b525-4bfb-a057-24910c8777a7,a9514b14-a1d9-4143-9350-2d143ec6b2b6,1,
ba6bf43c-69fc-4026-9b18-6999c4058498,2022-08-04 14:32:23.370108+00,2022-08-04 14:32:23.370108+00,138afd2c-40c0-5e32-90b7-2953fe0ba7e0,Income,50,ce0d3018-355e-469b-8648-6a6cfbf5d2d2,a9514b14-a1d9-4143-9350-2d143ec6b2b6,2,
e55a2628-a6b3-4fb4-88c0-08a5b3fa7f6d,2022-08-04 14:32:23.378525+00,2022-08-04 14:32:23.378525+00,138afd2c-40c0-5e32-90b7-2953fe0ba7e0,Income,100,9ab3a2f1-c899-4a80-a2f9-7d32c95d549e,a9514b14-a1d9-4143-9350-2d143ec6b2b6,1,
d05860eb-c38b-40bb-8c5b-a5a15d08de1d,2022-08-05 16:12:53.33471+00,2022-08-05 16:12:53.33471+00,27438d47-113a-5f34-a24f-09737bea36c8,Income,100,9bd629e9-2597-4dd4-a886-e4f54b09c351,64907d35-bbdc-424d-9772-d25b8cf99612,1,
f5ba91de-bd56-4096-bf95-633cad6d1721,2022-08-05 16:12:53.343238+00,2022-08-05 16:12:53.343238+00,27438d47-113a-5f34-a24f-09737bea36c8,Income,100,9da2e354-cd3b-42ee-a9e6-ec2061aa7d9a,64907d35-bbdc-424d-9772-d25b8cf99612,2,
50a78cef-d8df-42ab-ba67-e71652523791,2022-08-05 16:12:53.377803+00,2022-08-05 16:12:53.377803+00,27438d47-113a-5f34-a24f-09737bea36c8,Income,50,269a7e94-b3b5-4fdc-87e9-835f2224a0d0,64907d35-bbdc-424d-9772-d25b8cf99612,1,
9373dd2b-ae9c-438e-8730-49656f883b82,2022-08-05 16:16:20.596925+00,2022-08-05 16:16:20.596925+00,d4e341cb-96f7-5ce8-a634-4ad3e033d611,Income,200,bc6aafe9-8c94-47f9-bec9-0ff1517b3204,64907d35-bbdc-424d-9772-d25b8cf99612,1,
b0d01840-b90e-414a-bbee-433cd46e69f1,2022-08-06 14:36:14.574572+00,2022-08-06 14:36:14.574572+00,d20e6c76-ec7e-5355-b5a1-f1260df6ad93,Expense,1000,9fcdf765-18f0-41af-99ef-444c24407f98,9a22b658-87e9-4118-b0ae-05f6bb6d18a4,1,
41e4b600-ff45-4c93-8a13-613f1cd5b7e4,2022-08-06 14:36:51.901162+00,2022-08-06 14:36:51.901162+00,369f035d-833b-5dfa-885e-2e17bfb3c142,Expense,400,9fcdf765-18f0-41af-99ef-444c24407f98,9a22b658-87e9-4118-b0ae-05f6bb6d18a4,1,
985991e1-a2d6-44f5-8944-aefa4d46389e,2022-08-06 14:37:14.090598+00,2022-08-06 14:37:14.090598+00,4cfb6e76-a0e7-5c18-9b32-49ef05610778,Income,400,fac3afc3-f3c9-4622-90df-2ba8d78f2708,9a22b658-87e9-4118-b0ae-05f6bb6d18a4,1,
445026f8-fc96-4fd0-9569-da9a51c650a2,2022-08-06 14:38:13.951682+00,2022-08-06 14:38:13.951682+00,47619a0b-ee65-5844-b3c4-3324ea3499b5,Expense,20000,0338e32c-fc51-4bf2-a168-710523c8e1f8,9a22b658-87e9-4118-b0ae-05f6bb6d18a4,1,
20c8ff1a-6876-40e0-8bb5-fc3b0469b0f3,2022-08-06 14:42:10.636323+00,2022-08-06 14:42:10.636323+00,e73860fe-bba2-5832-ace7-20d1da8e4d53,Expense,173,ab9b9b13-c103-46ea-8219-f201a97946c6,9a22b658-87e9-4118-b0ae-05f6bb6d18a4,1,
dd8bc92a-3366-4cdf-8bae-cb7d3676ff60,2022-08-06 14:43:09.370956+00,2022-08-06 14:43:09.370956+00,f2edf258-5085-5675-8ce3-1d6339d98c26,Expense,234,e252d57f-b406-4a6e-a0e6-befbb57a1f1f,9a22b658-87e9-4118-b0ae-05f6bb6d18a4,1,
0f9a291b-b4d1-4ab2-95b5-742f192a29fd,2022-08-06 14:44:42.775302+00,2022-08-06 14:44:42.775302+00,11d3b0a5-fdb6-5284-8978-21cd535f2105,Income,25600,4d24e49a-94df-45eb-9b13-f3e0b9f8fc84,9a22b658-87e9-4118-b0ae-05f6bb6d18a4,1,
58aa114b-f090-4a65-a050-68ca29cc256e,2022-08-06 14:51:07.434156+00,2022-08-06 14:51:07.434156+00,9b3286a0-b627-5ef4-b80f-2b17b72ed548,Expense,100,71d0c0fc-7557-493c-979f-3485e90ee30f,9a22b658-87e9-4118-b0ae-05f6bb6d18a4,1,
7a6a4fff-e8cf-4ab7-bc1c-b5dc807241be,2022-08-06 15:01:28.60847+00,2022-08-06 15:01:28.60847+00,fb60b813-1b24-5e44-b1fc-8c525b9fa603,Income,3000,fac3afc3-f3c9-4622-90df-2ba8d78f2708,9a22b658-87e9-4118-b0ae-05f6bb6d18a4,1,
7e8ecb81-c1d4-4c83-b670-9e71316eb897,2022-08-10 16:05:44.935727+00,2022-08-10 16:05:44.935727+00,70880e38-b672-549b-a72c-d2eef481cffe,Income,200,f3da9cf1-4ad4-4f68-8bb2-9f955a8fc00c,64907d35-bbdc-424d-9772-d25b8cf99612,1,
1a7d7aba-9f91-41e5-818b-340900a8b05b,2022-08-12 13:58:14.576512+00,2022-08-12 13:58:14.576512+00,41dfc541-4100-5a7d-a1f3-42dfff4e9921,Income,200,64de677c-d623-45b1-a3c5-f3982c58b79a,64907d35-bbdc-424d-9772-d25b8cf99612,1,
f1def885-70eb-4fb3-a0c5-21205d19dafa,2022-08-12 13:58:14.585863+00,2022-08-12 13:58:14.585863+00,41dfc541-4100-5a7d-a1f3-42dfff4e9921,Income,50,2228713d-4d92-4b42-9f8e-8a5d685f7a27,64907d35-bbdc-424d-9772-d25b8cf99612,1,
abcbf264-fd5c-4e77-9244-28e0695d1e7a,2022-08-12 13:58:14.644233+00,2022-08-12 13:58:14.644233+00,41dfc541-4100-5a7d-a1f3-42dfff4e9921,Income,110,7b22b5ec-3122-4877-8260-2ef47e7bc5d3,64907d35-bbdc-424d-9772-d25b8cf99612,1,
b22c419e-5bc3-47de-adbc-3642298e59d5,2022-08-12 13:58:14.704945+00,2022-08-12 13:58:14.704945+00,41dfc541-4100-5a7d-a1f3-42dfff4e9921,Income,75,1cc4017e-56b0-4931-947c-be135c3e6d89,64907d35-bbdc-424d-9772-d25b8cf99612,1,
2b053b66-06db-45f4-b474-948f1d6f9324,2022-08-12 13:58:14.763547+00,2022-08-12 13:58:14.763547+00,41dfc541-4100-5a7d-a1f3-42dfff4e9921,Income,200,c5132237-72df-4844-9b1e-921ce1d6719d,64907d35-bbdc-424d-9772-d25b8cf99612,1,
1977af6a-8083-4c43-b0d8-8585328a7b30,2022-08-18 19:11:03.910419+00,2022-08-18 19:11:03.910419+00,1919b6b8-2448-5568-aad5-05468eafedb1,Income,50,a13077b4-c241-43f2-a3b2-fb5e3d0f6988,982d3718-f43d-44a5-96a5-f9f09662e040,2,
49be352d-4b03-45ca-8924-237bb76be64d,2022-08-18 20:10:57.298003+00,2022-08-18 20:10:57.298003+00,001b84fb-9248-5dea-a119-09bc2736630e,Income,1000,014dae31-e4c3-4c3e-8bf4-78af5c88a738,2b5776e1-e118-4c77-8b48-cd10d0924bc2,1,
e8054f63-2795-4765-a506-abf200463a74,2022-08-18 20:10:57.306883+00,2022-08-18 20:10:57.306883+00,001b84fb-9248-5dea-a119-09bc2736630e,Income,400,e5278391-986e-46dd-b010-ab20977341c2,2b5776e1-e118-4c77-8b48-cd10d0924bc2,2,
756a36eb-29e2-480a-be38-010bf7d09d03,2022-08-18 20:17:24.147093+00,2022-08-18 20:17:24.147093+00,099df06a-6806-5d70-a98e-1e6f7db800b9,Income,130,cd142b2e-30ab-41f1-98ac-bcf8420bbfe3,2b5776e1-e118-4c77-8b48-cd10d0924bc2,1,
88a21945-df4d-4f7a-9d95-2ca0b5009c2b,2022-08-18 20:17:24.155729+00,2022-08-18 20:17:24.155729+00,099df06a-6806-5d70-a98e-1e6f7db800b9,Income,100,453875dc-be57-4b97-bf04-f49d89419e2e,2b5776e1-e118-4c77-8b48-cd10d0924bc2,3,
63f7d2af-b980-4e89-8ba3-70bc872b231c,2022-08-18 20:18:00.704365+00,2022-08-18 20:18:00.704365+00,58759496-546e-5cba-b79d-50c1b5d58e3c,Expense,50,e82e61af-e408-4b9d-946f-3aadc4cbf2fb,2b5776e1-e118-4c77-8b48-cd10d0924bc2,2,
fd73cb93-40dc-4221-a49f-804472f915ca,2022-08-18 20:21:38.412183+00,2022-08-18 20:21:38.412183+00,6ae470b2-f976-5651-804a-69817f6d8828,Income,1500,48eab24c-b661-4067-aad2-0d8fdf2f803d,2b5776e1-e118-4c77-8b48-cd10d0924bc2,2,
13468f67-d321-43c8-81c9-b25e10a300f0,2022-08-18 20:23:31.777268+00,2022-08-18 20:23:31.777268+00,cad26cd8-4e3b-59fb-adbb-0b020fdb772f,Income,100,6606c1ff-a119-480d-8b95-e5d5e026e0d5,2b5776e1-e118-4c77-8b48-cd10d0924bc2,1,
644d55bb-41a0-4686-a98a-8eb466657d80,2022-08-18 20:23:31.784327+00,2022-08-18 20:23:31.784327+00,cad26cd8-4e3b-59fb-adbb-0b020fdb772f,Income,100,453875dc-be57-4b97-bf04-f49d89419e2e,2b5776e1-e118-4c77-8b48-cd10d0924bc2,1,
24d07644-f141-4489-a5a4-6cdb3e9b8d5f,2022-08-18 20:24:23.155651+00,2022-08-18 20:24:23.155651+00,3d8a2bc8-30e0-5a23-924e-6cc57d652dba,Income,100,453875dc-be57-4b97-bf04-f49d89419e2e,2b5776e1-e118-4c77-8b48-cd10d0924bc2,1,
686bba01-52f1-4271-8b10-03f15bddd202,2022-08-18 20:24:23.16427+00,2022-08-18 20:24:23.16427+00,3d8a2bc8-30e0-5a23-924e-6cc57d652dba,Income,400,e5278391-986e-46dd-b010-ab20977341c2,2b5776e1-e118-4c77-8b48-cd10d0924bc2,1,
1128d52c-e360-44ff-8eb7-8187e9af4c37,2022-08-18 20:25:43.561307+00,2022-08-18 20:25:43.561307+00,9d87f77c-fd2c-5e6b-bb29-6a091194505b,Income,400,e5278391-986e-46dd-b010-ab20977341c2,2b5776e1-e118-4c77-8b48-cd10d0924bc2,1,
3f92f1b5-4f17-4a70-976e-5b53c2123001,2022-08-19 10:23:10.711512+00,2022-08-19 10:23:10.711512+00,290597d3-1fe5-5558-9124-346de3bf6e43,Income,50,713da1cb-aca3-44be-887b-e3de9cefa558,2b5776e1-e118-4c77-8b48-cd10d0924bc2,4,
66f8f909-8d81-49bb-bec1-d01fdb39d79f,2022-08-19 10:23:10.720396+00,2022-08-19 10:23:10.720396+00,290597d3-1fe5-5558-9124-346de3bf6e43,Income,100,453875dc-be57-4b97-bf04-f49d89419e2e,2b5776e1-e118-4c77-8b48-cd10d0924bc2,1,
795469fc-974d-4064-ae1b-1db4950cc036,2022-08-19 13:34:41.608656+00,2022-08-19 13:34:41.608656+00,31e3c06b-b963-521a-8e84-c24ed3a7a7a7,Income,20,5a79cefe-b525-4bfb-a057-24910c8777a7,a9514b14-a1d9-4143-9350-2d143ec6b2b6,1,
1a6acd5a-9822-4c89-90d8-d836c033cc98,2022-08-19 13:35:03.740649+00,2022-08-19 13:35:03.740649+00,ce11fc1c-414e-5366-a406-8d710cc6712a,Income,50,ce0d3018-355e-469b-8648-6a6cfbf5d2d2,a9514b14-a1d9-4143-9350-2d143ec6b2b6,1,
d27cc277-2505-45bc-b75c-dff8bbc764ad,2022-08-19 13:35:31.851677+00,2022-08-19 13:35:31.851677+00,e72d6c3e-4203-530b-8222-97f20a79e089,Income,100,9ab3a2f1-c899-4a80-a2f9-7d32c95d549e,a9514b14-a1d9-4143-9350-2d143ec6b2b6,2,
c8d03298-cb52-4c45-99de-14296a298078,2022-08-19 13:36:15.484949+00,2022-08-19 13:36:15.484949+00,c95e1b0b-fb6e-539c-adda-26f402ee2280,Income,100,9ab3a2f1-c899-4a80-a2f9-7d32c95d549e,a9514b14-a1d9-4143-9350-2d143ec6b2b6,1,
320f8825-5c41-4a4e-a9e2-158e0049fd90,2022-08-19 13:36:42.197898+00,2022-08-19 13:36:42.197898+00,a9c573c8-04be-52ae-a41c-722f333e3d53,Income,50,ce0d3018-355e-469b-8648-6a6cfbf5d2d2,a9514b14-a1d9-4143-9350-2d143ec6b2b6,1,
a5aa9113-054e-4fad-86d4-e70f0c4b0b01,2022-08-19 13:37:10.20647+00,2022-08-19 13:37:10.20647+00,e5a6a51f-21e5-579d-af14-aebc3b4069ab,Income,40,07bc8661-1b81-4db0-84fa-3f33a2319df6,a9514b14-a1d9-4143-9350-2d143ec6b2b6,1,
95bdb8bf-9c14-46de-9dc8-fc86f5bcbd92,2022-08-19 13:40:16.370587+00,2022-08-19 13:40:16.370587+00,2e884853-5179-5586-a0db-4486fc7be80e,Income,100,9ab3a2f1-c899-4a80-a2f9-7d32c95d549e,a9514b14-a1d9-4143-9350-2d143ec6b2b6,1,
9f8576c6-1abc-4f1c-be6f-990f348527b8,2022-08-19 13:40:16.379086+00,2022-08-19 13:40:16.379086+00,2e884853-5179-5586-a0db-4486fc7be80e,Income,50,ce0d3018-355e-469b-8648-6a6cfbf5d2d2,a9514b14-a1d9-4143-9350-2d143ec6b2b6,1,
368da94e-44ed-49f1-bb60-f8ada616cdfb,2022-08-19 14:08:48.430245+00,2022-08-19 14:08:48.430245+00,f9632e1e-43bc-56bc-9bd8-28b99d85b869,Income,100,9ab3a2f1-c899-4a80-a2f9-7d32c95d549e,a9514b14-a1d9-4143-9350-2d143ec6b2b6,6,
1d9b55f7-69b2-4d1d-b7b8-a3f99bb84ca9,2022-08-19 14:08:48.437786+00,2022-08-19 14:08:48.437786+00,f9632e1e-43bc-56bc-9bd8-28b99d85b869,Income,50,ce0d3018-355e-469b-8648-6a6cfbf5d2d2,a9514b14-a1d9-4143-9350-2d143ec6b2b6,1,
3ad99083-12fa-4567-b648-b5f08ec946cc,2022-08-19 14:08:48.448682+00,2022-08-19 14:08:48.448682+00,f9632e1e-43bc-56bc-9bd8-28b99d85b869,Income,40,07bc8661-1b81-4db0-84fa-3f33a2319df6,a9514b14-a1d9-4143-9350-2d143ec6b2b6,1,
1290c08d-69ae-4f8e-88ab-106de76c8802,2022-08-19 14:08:48.459368+00,2022-08-19 14:08:48.459368+00,f9632e1e-43bc-56bc-9bd8-28b99d85b869,Income,20,5a79cefe-b525-4bfb-a057-24910c8777a7,a9514b14-a1d9-4143-9350-2d143ec6b2b6,1,
6bcd4191-52cb-43ca-a525-a7ed9ef3329d,2022-08-23 07:13:18.17808+00,2022-08-23 07:13:18.17808+00,83c2b70e-d6b9-5cd7-a55b-48855bd6ab3a,Income,50,ce0d3018-355e-469b-8648-6a6cfbf5d2d2,a9514b14-a1d9-4143-9350-2d143ec6b2b6,1,
923b5660-018f-42ca-82b2-690f6bfc5472,2022-08-23 07:24:03.830873+00,2022-08-23 07:24:03.830873+00,803afc2a-cb54-58bc-9c7e-1741be2c0860,Income,50,ce0d3018-355e-469b-8648-6a6cfbf5d2d2,a9514b14-a1d9-4143-9350-2d143ec6b2b6,3,
5d0355cb-48ff-477a-8241-7a1a11c6ba62,2022-08-23 07:24:03.84029+00,2022-08-23 07:24:03.84029+00,803afc2a-cb54-58bc-9c7e-1741be2c0860,Income,100,9ab3a2f1-c899-4a80-a2f9-7d32c95d549e,a9514b14-a1d9-4143-9350-2d143ec6b2b6,1,
166a2241-a501-493e-828a-4b1e071e6d3c,2022-08-23 09:30:40.568368+00,2022-08-23 09:30:40.568368+00,d910797b-0640-56d4-aba9-bdea486f3ebf,Income,100,9ab3a2f1-c899-4a80-a2f9-7d32c95d549e,a9514b14-a1d9-4143-9350-2d143ec6b2b6,1,
516ec7b8-1957-4466-b1ba-a54aef21e69a,2022-08-23 16:11:43.033615+00,2022-08-23 16:11:43.033615+00,03d1fd7e-b156-5339-b303-f96ac8966c68,Income,100,9ab3a2f1-c899-4a80-a2f9-7d32c95d549e,a9514b14-a1d9-4143-9350-2d143ec6b2b6,3,
c4e9c82b-beb2-4e79-a569-f5bcab6b2f76,2022-08-23 16:12:35.857996+00,2022-08-23 16:12:35.857996+00,67aead6d-8971-5bfe-9065-26b8973d1381,Income,50,ce0d3018-355e-469b-8648-6a6cfbf5d2d2,a9514b14-a1d9-4143-9350-2d143ec6b2b6,1,
d74c5d34-10b0-43b7-9e91-e051439035b0,2022-08-23 16:12:49.760408+00,2022-08-23 16:12:49.760408+00,a44d7cbc-c29b-577d-9049-ba9dd51b24db,Income,100,9ab3a2f1-c899-4a80-a2f9-7d32c95d549e,a9514b14-a1d9-4143-9350-2d143ec6b2b6,1,
92be6581-1adf-4c3f-8617-11eef066688c,2022-08-23 16:13:08.916896+00,2022-08-23 16:13:08.916896+00,139bcac8-7816-589e-a1f9-84b693a7c645,Income,100,9ab3a2f1-c899-4a80-a2f9-7d32c95d549e,a9514b14-a1d9-4143-9350-2d143ec6b2b6,1,
37006fbe-e278-4dda-8d2f-eb3f36141202,2022-08-23 16:13:08.923127+00,2022-08-23 16:13:08.923127+00,139bcac8-7816-589e-a1f9-84b693a7c645,Income,50,ce0d3018-355e-469b-8648-6a6cfbf5d2d2,a9514b14-a1d9-4143-9350-2d143ec6b2b6,1,
b7e0afd6-4f73-4b01-b833-49f9999fc4b0,2022-08-23 16:13:30.089927+00,2022-08-23 16:13:30.089927+00,d86654da-9b1e-58d6-9495-49aa4231ce72,Income,100,9ab3a2f1-c899-4a80-a2f9-7d32c95d549e,a9514b14-a1d9-4143-9350-2d143ec6b2b6,1,
999efa50-95f9-4d9a-a9bf-ce17790a272a,2022-08-24 08:02:08.316376+00,2022-08-24 08:02:08.316376+00,f49ff8b5-feee-5915-a0ea-9368e1f86ad3,Expense,1000,3e261f4e-13e6-4dc6-ba2f-6abfd5d96460,3cdb2257-186b-494e-a859-ad892c58f37a,1,
49270835-105e-467a-9939-2863504e969d,2022-08-24 08:23:58.903656+00,2022-08-24 08:23:58.903656+00,5c11632b-3087-55d3-be9c-cce7fa9dd325,Income,50,ce0d3018-355e-469b-8648-6a6cfbf5d2d2,a9514b14-a1d9-4143-9350-2d143ec6b2b6,2,
1e1f3ace-8ca0-4199-9e50-b46535925179,2022-08-24 08:35:57.999512+00,2022-08-24 08:35:57.999512+00,1641e249-8534-56d6-b817-3a0a968a5156,Income,100,9ab3a2f1-c899-4a80-a2f9-7d32c95d549e,a9514b14-a1d9-4143-9350-2d143ec6b2b6,1,
cf0c02af-1e25-478f-8ec7-3ba8e339c5d0,2022-08-24 08:35:58.007419+00,2022-08-24 08:35:58.007419+00,1641e249-8534-56d6-b817-3a0a968a5156,Income,40,07bc8661-1b81-4db0-84fa-3f33a2319df6,a9514b14-a1d9-4143-9350-2d143ec6b2b6,1,
9a410711-89b0-428f-af6b-84475bb47cbe,2022-08-24 09:31:08.821647+00,2022-08-24 09:31:08.821647+00,16fa18dd-4c95-5af6-8a32-f5e3ff48dd34,Income,50,ce0d3018-355e-469b-8648-6a6cfbf5d2d2,a9514b14-a1d9-4143-9350-2d143ec6b2b6,1,
811a046e-f9ad-4463-b9eb-7e4b3b82171f,2022-08-24 12:29:46.493187+00,2022-08-24 12:29:46.493187+00,2d4711f6-625c-5213-95fb-20d021a15197,Expense,1000,3e261f4e-13e6-4dc6-ba2f-6abfd5d96460,3cdb2257-186b-494e-a859-ad892c58f37a,1,
2f13b02f-b10d-48bf-9b0f-ad7f9fbad6ec,2022-08-24 13:13:04.413623+00,2022-08-24 13:13:04.413623+00,45ae9167-2bdf-511a-88d8-0f3c21a9fe24,Income,100,9ab3a2f1-c899-4a80-a2f9-7d32c95d549e,a9514b14-a1d9-4143-9350-2d143ec6b2b6,1,
f42589c3-e951-4ac2-8be9-981141c1b063,2022-08-24 13:20:19.74645+00,2022-08-24 13:20:19.74645+00,19c1057e-cc6a-5da2-9b9e-5a4a605063e7,Income,100,9ab3a2f1-c899-4a80-a2f9-7d32c95d549e,a9514b14-a1d9-4143-9350-2d143ec6b2b6,3,
30a1ec79-70d4-4b55-bd58-d8b09f6f747e,2022-08-24 13:20:19.755079+00,2022-08-24 13:20:19.755079+00,19c1057e-cc6a-5da2-9b9e-5a4a605063e7,Income,20,5a79cefe-b525-4bfb-a057-24910c8777a7,a9514b14-a1d9-4143-9350-2d143ec6b2b6,1,
449531e8-10d8-454d-a8e7-79e0a3480f55,2022-08-24 14:31:31.872446+00,2022-08-24 14:31:31.872446+00,ad33df94-e55b-58f3-84f2-07ec9f75842b,Income,100,9ab3a2f1-c899-4a80-a2f9-7d32c95d549e,a9514b14-a1d9-4143-9350-2d143ec6b2b6,1,
2d7f7836-6c4b-4ae2-995c-48d3a2b6b52c,2022-08-24 14:33:59.974328+00,2022-08-24 14:33:59.974328+00,c88baa64-6946-5aa7-a018-17277f3d66a5,Income,100,9ab3a2f1-c899-4a80-a2f9-7d32c95d549e,a9514b14-a1d9-4143-9350-2d143ec6b2b6,4,
ecc730ae-e4cf-4304-b958-82a7ae4e1c5d,2022-08-25 12:48:21.198636+00,2022-08-25 12:48:21.198636+00,f5a2b607-884d-53ff-8b02-ad0ea4d79c7a,Income,1000,347695bf-5089-4dbc-a68a-4d8a41780104,3cdb2257-186b-494e-a859-ad892c58f37a,1,
92b81f0a-51c9-4f68-bf02-9d420e83964f,2022-08-25 12:49:30.348925+00,2022-08-25 12:49:30.348925+00,4e061401-8819-5a36-a07b-fb51b7fb6d30,Income,1000,a3fbdfd3-aa7e-4c29-b83d-8fd56e096115,3cdb2257-186b-494e-a859-ad892c58f37a,1,
